FunctionalAssessment,ADL,MMSE,MemoryComplaints,BehavioralProblems,AlcoholConsumption,CholesterolHDL,Diagnosis
0.6521020910941265,0.1724861299888597,0.71560632496236,0,0,0.665183446892615,0.17103852716236256,0
0.712107901637427,0.2591535510291802,0.6872509886210914,0,0,0.227170399765976,0.7380262380068205,0
0.5896972130289103,0.7119356769728167,0.2451450579221378,0,0,0.9782757528478502,0.6222904867965198,0
0.8968227293679163,0.6480936518186591,0.4664104311480685,0,1,0.6107512468332409,0.605850723312201,0
0.6046993455552141,0.0013405359088803847,0.4506191529529211,0,0,0.9232043339301528,0.4610190596687222,0
0.5511885113137109,0.9015787512279309,0.9174999687068477,0,0,0.20703860459948842,0.7386767505718577,0
0.6064085979288237,0.9236463507254751,0.06533369154465161,0,0,0.032222685668599683,0.5817922580442638,0
0.3402272277488385,0.45166562744631017,0.33796548930893733,0,0,0.6865274095652903,0.7169994034142995,1
0.739855527483843,0.07550602200215538,0.8609137874092879,0,1,0.6086790341390511,0.2884890765212637,0
0.11489026386881453,0.4553807590799957,0.9465428039731884,0,1,0.8018438181982561,0.6787937519924363,0
0.8249802273985158,0.20179630664123108,0.6566647647198002,0,0,0.4907763334701797,0.6042355315173469,0
0.5570305800954662,0.5466821163841319,0.7070050859214477,0,0,0.9655225709875117,0.23764174717945474,0
0.051488239694846415,0.9003858755310912,0.07320158213289071,0,0,0.549149904908706,0.9825602496161996,0
0.45120547152220414,0.1938606311427613,0.26168052672325465,1,0,0.5099592325920733,0.07915394087974564,1
0.6793938521859596,0.5505147579673305,0.3595398442630348,0,0,0.10875794181586625,0.9353740293917356,0
0.3744063245454943,0.19101376198000933,0.7573466702109635,0,0,0.4059994332022642,0.9913226846769287,1
0.936922741197398,0.13810112295148952,0.23885392416107815,1,0,0.22173880748928784,0.3984113909139307,1
0.4020691913143706,0.28920976246791114,0.6017455003118448,0,0,0.20812184932596928,0.2403973445874763,1
0.5191148514434385,0.7497981255448889,0.51822044263273,0,0,0.46947833068508094,0.01106022274359314,0
0.05353933746951817,0.6538299642856312,0.36816003991231894,0,1,0.9218038627056013,0.3825409141187845,1
0.6948742972683788,0.1686996595400698,0.29945395709590517,0,1,0.20967786808616884,0.7047905451708498,1
0.2748121149580342,0.30002878943358463,0.013539742313805498,0,0,0.603481315235114,0.6025765605078333,0
0.5884687364703445,0.9178979108997138,0.6282625771651409,0,1,0.29190638627871995,0.2903430129261471,0
0.8449543144810071,0.45719368583365666,0.5644069858858615,1,0,0.16448688424386199,0.08291887652445568,1
0.24763457468460642,0.03723961851248248,0.43309005016871377,1,1,0.489007660175922,0.2214361452625408,1
0.7712808802724067,0.6286286380309682,0.8201557682191636,0,0,0.04762355300284855,0.7749689326151104,0
0.6603438230509098,0.31761687318871845,0.6817771066402945,0,0,0.5216645609851369,0.20125434205912035,0
0.6052297293262915,0.6173100514103491,0.9574652888285531,1,0,0.796369632237515,0.05066923216258651,0
0.8156135739672081,0.21106758679672996,0.9556421212926249,1,0,0.2346599114566972,0.8614668849998199,0
0.25718259837530416,0.9928982502067915,0.679076292318571,0,0,0.4022644695728631,0.9056816039980873,0
0.27250705661806296,0.989306052826359,0.8227018662859198,1,1,0.4633089634527589,0.8611640117210839,0
0.9989969626421114,0.6009013730722728,0.022986944456632012,1,0,0.6110720234919237,0.7257847538051663,0
0.6256177758443161,0.05977734689678556,0.7007067057072472,0,0,0.24496453550321995,0.9543546159231637,0
0.3382003396062926,0.8863853467030349,0.500060868645978,0,0,0.8960639237889277,0.17215290806064837,0
0.07833689129207509,0.8141115497226533,0.2677207175989087,1,0,0.998868130709813,0.12293167382263098,1
0.7404169437338141,0.9947685280128916,0.6535949709102451,0,1,0.8914225962212287,0.5935693386082324,0
0.03118258304119967,0.8744340430301216,0.47023820882063316,1,0,0.13266747409006233,0.8188303221208062,1
0.654080946624933,0.7605107503075349,0.5547536725196941,0,1,0.1739308352512013,0.1403081057941637,0
0.3359311900746707,0.05455576902106859,0.049234509903605256,1,0,0.6724312506340857,0.8862589252691639,1
0.48007296258296134,0.24058435420462584,0.5249216689155791,0,0,0.6325109784802695,0.30606583025275885,1
0.5748384196664643,0.7253606787189103,0.6549799096949995,0,0,0.4935561011006063,0.18368770375732868,0
0.32165143714098976,0.9551917994775334,0.3347063476971858,0,0,0.44634539812102625,0.16182835028946452,0
0.5096013729843524,0.8890851849514438,0.3384920801221226,0,1,0.30371481355288044,0.24010391033024042,0
0.21934599451740946,0.28559578751636894,0.4807532538215045,0,0,0.11089930903819986,0.19493921978330364,1
0.4876205658593733,0.5295731430356113,0.20810679206696656,0,0,0.6699694123662412,0.6722040341997308,0
0.0,0.027464114367081394,0.5988822125008462,0,0,0.9849629913305985,0.8542893365316704,1
0.5083939675524684,0.14385626151830358,0.4477030331709339,0,1,0.8947644132839679,0.06956744922765307,1
0.8876740118671377,0.8051957108650175,0.4734309453405688,0,1,0.8978530708846771,0.4085482740818061,0
0.2559198613423898,0.2596220409172339,0.8613754133279206,1,1,0.7908726423098843,0.66710041997967,1
0.41013986677466074,0.37235554983864605,0.5402552983552212,1,0,0.15300187675961005,0.5247309442393018,1
0.02217453912525722,0.4422664710603335,0.49155932996252993,1,0,0.7828568540311336,0.3464838073469267,1
0.6875255994183773,0.5545235517122565,0.48508872245117557,0,0,0.6832822459586672,0.4313070001464789,0
0.31670291428414127,0.28751045709688045,0.9200577530820356,0,0,0.862602083006483,0.6730320875559639,0
0.20963061298978175,0.9456541795465477,0.6785436815996185,1,0,0.9997360851586043,0.9102212159819969,1
0.11883229104937985,0.6772759538990389,0.9978295990630898,0,1,0.24976329502578926,0.18143484240347352,0
0.2753733103424128,0.38002474071905523,0.3571725402583821,1,0,0.8239160508038723,0.6863837292984283,1
0.3649671707557752,0.5215926993641828,0.3546538282213941,0,0,0.7217991032394536,0.5742725084266542,0
0.8011953155375505,0.792909305809797,0.7237500321277195,0,0,0.7126167047533548,0.25134208484587334,0
0.611914446642275,0.18166653768580907,0.380827813022848,1,0,0.7429779980713703,0.7721892344680339,1
0.8967298156410413,0.10143939047591362,0.4938334709234052,0,0,0.16460500671813305,0.6785795811018789,0
0.7610021154229326,0.40665812933116,0.39519988668680556,0,0,0.6680063173786238,0.9051431496307607,0
0.5432095227637036,0.04157948383370866,0.6714895824657462,0,0,0.9307107600677983,0.14129825035169297,0
0.7590657818303246,0.7826366771006822,0.02047331350247733,0,1,0.7662393389292455,0.20005306234805376,0
0.19582055126530307,0.9972911719840859,0.3807551355267033,0,0,0.8464635697937041,0.7557966560408729,0
0.27600772954435354,0.952588082086729,0.2027796522971967,1,0,0.26762113652968084,0.08240508915225608,1
0.8106982803348661,0.3230753256222491,0.3745092006661674,0,1,0.5229708676244803,0.8283957475577164,1
0.3103446340044683,0.7971235720954554,0.5912403037093106,0,0,0.34996388158737857,0.7369080689796057,0
0.2006024634812268,0.7367057978172027,0.11130701498065539,1,0,0.6613255858321299,0.3571512648354927,1
0.24595474854457258,0.45389057424618173,0.11401839400385924,0,0,0.04232380728504404,0.8027126788264918,1
0.262743528145874,0.9476573922410882,0.27590426192465334,0,0,0.3074288483615381,0.8088848844606116,0
0.6840154885364829,0.18545818118904492,0.06325031373378287,0,0,0.1476437046714669,0.4452502970279802,0
0.9226909371519536,0.36832086240289724,0.6232045454509632,1,0,0.5161168336239352,0.5302791221799781,1
0.15766083138723727,0.29999684119876663,0.23776556911216593,0,0,0.2191321187513598,0.5353937607838624,1
0.6040277146594503,0.12848081726351931,0.23173047482834092,1,0,0.4831324302003854,0.6730412182869048,1
0.47581969196959667,0.18048322705056963,0.8715951079101223,0,0,0.48955016408885993,0.5654897522780087,0
0.28627480081619755,0.08738995385274646,0.43093312363107905,1,0,0.9350067843042891,0.6858587559876184,1
0.5817308132060521,0.3300642628185803,0.7548628817797387,0,0,0.7033491536137714,0.24788080940881557,0
0.7280707935784254,0.4859143220946916,0.8196026561926693,1,0,0.16875828266343157,0.13702725444994085,0
0.3663464207572505,0.40130526234509883,0.7015566437541865,0,0,0.8168705051981283,0.9601530882611851,1
0.1545669390841469,0.19507184948331197,0.1941385248003948,0,0,0.90406372993834,0.3337239964629632,1
0.7850040591315983,0.9478988357276459,0.5321776754904359,0,0,0.9364215591039486,0.8069769691451818,0
0.7185540954128341,0.360954439362184,0.14843138189059907,0,0,0.16609235176717327,0.6836877969701372,0
0.6514869313223087,0.27259473582405697,0.47366690949093787,0,0,0.24246677597426156,0.8672006347445582,0
0.027536957065441934,0.7581370286260188,0.9586831096504599,1,0,0.9844205035674592,0.3295512542507582,0
0.07819222215906609,0.03716238194180386,0.7385050040871465,0,0,0.04157801871188682,0.3107729211747255,1
0.498217457251974,0.5601385389803307,0.8462942542561575,0,0,0.2719011505887941,0.6722335357100535,0
0.11531735584336691,0.629754415289708,0.9791572761436262,1,0,0.13013509744056878,0.3955184724029582,0
0.9885794555823131,0.2380053005103198,0.030021669950310272,0,0,0.665465676806765,0.2803930291871736,0
0.8198105779183207,0.9196427672866859,0.10671872047567128,0,0,0.7117314098187433,0.0906754671959521,0
0.6620129337943375,0.3366464578052914,0.2949876545307293,0,0,0.17914043779779265,0.4158741974393995,0
0.5493761101713374,0.4698538211666409,0.6323457086334063,0,0,0.8346141206804424,0.14016848484166683,0
0.7022816106097622,0.4645176171989223,0.772342464224502,0,1,0.974694305964584,0.9453712253659847,1
0.7930709176420783,0.7765895886700147,0.9298265459553909,0,1,0.2661226313343007,0.5388423007674084,0
0.855180488776514,0.8294911833465504,0.7074944078689165,0,0,0.24358284308298123,0.804977061369037,0
0.7355306876343176,0.41166578365772943,0.4797699321554853,0,0,0.12869506084309917,0.2832839873244212,0
0.12658731597265324,0.4677448416280553,0.8698222987556736,0,0,0.8291025921010107,0.5461753843570349,0
0.7363811783632611,0.9184340903049709,0.3065794032447513,1,0,0.7177508833884413,0.3779559675581892,0
0.9012025254572817,0.7618044129441461,0.3918549901478468,0,0,0.553760318598906,0.0429090395652138,0
0.17116481699427752,0.2441201298407464,0.26118679413057205,1,0,0.685890477495677,0.22655273135801457,1
0.662620956082168,0.3540886487222859,0.673948437406934,0,0,0.4929876009199388,0.7239646229859606,0
0.3710497407327664,0.43198084143123655,0.5305407669055436,0,1,0.24309256676547686,0.20238647346060107,1
0.35856132922912726,0.5071888569650391,0.8665693932916536,0,1,0.9641921178306369,0.5050689011224145,0
0.8842736599828348,0.05264792163251306,0.766441786417948,0,0,0.04783478306445572,0.5663991484750663,0
0.46631676053616133,0.4110176940599395,0.8070502358561193,0,1,0.8165243395092666,0.6308184359102471,0
0.3632841196142106,0.915814322731051,0.7679264105856904,0,0,0.02585267002055097,0.5646441659268131,0
0.4121928816424678,0.5248503483224567,0.981398191172609,0,0,0.5049288364619485,0.5794966089159002,0
0.39570821970764775,0.8036609216836635,0.2727397908080969,1,0,0.35066284053577634,0.7223015229375094,1
0.14766121393795595,0.3534529669208763,0.013390109770812994,0,1,0.658821870086812,0.5574698828160645,1
0.323064006706113,0.02106980261866507,0.42552751219284113,0,0,0.973375718832272,0.5091979630824943,1
0.8042471155962232,0.694321393744147,0.7554687299896228,0,0,0.9232313277493899,0.35297113256970564,0
0.16736930485095758,0.7575208208723764,0.08089906420882778,0,0,0.34336286174002517,0.30283863978691056,0
0.4660947088926534,0.5636726186594326,0.3906529106412212,0,1,0.30946115338313795,0.2900672150458193,1
0.772099632445213,0.21131542441560724,0.5386781154677425,0,0,0.7333141621453985,0.5326897550391683,0
0.1103007347986922,0.14169780704238116,0.5531918524250303,0,0,0.7422320474643496,0.7897536389276372,1
0.484805801229481,0.21644440750494426,0.9699826948883815,0,0,0.18622289792721766,0.06841836270056684,0
0.4771401701179525,0.035204652173178266,0.0925980154954769,0,0,0.7612822807409502,0.7212827680831806,1
0.9977220821783013,0.6498797762873266,0.357331425391579,0,0,0.3185612225848396,0.9668716932217782,0
0.28773600090118273,0.18210765196044104,0.18350254463000534,0,0,0.036046269385207386,0.6308407939059253,1
0.18046528105119786,0.882575718437229,0.7623822148942979,0,0,0.9123366505708516,0.7813870448127884,0
0.8099271230043218,0.19790421567357241,0.2020688450020544,0,0,0.4854654451573298,0.41127196074368405,0
0.5826992901730913,0.8126032452206348,0.5069423370441921,0,1,0.18411649396976656,0.9973571202689289,0
0.37573399519543155,0.3149311830790082,0.17527006449936586,0,0,0.5876953565067288,0.30801105472520834,1
0.4959601836497008,0.19467445448125922,0.5555233469489154,0,0,0.692124793584753,0.7572362451463917,1
0.28909634789909555,0.7959591803424706,0.4638596866156601,1,0,0.3343227663173458,0.06348754649474059,1
0.9716940752722424,0.572981557845754,0.3655169644663218,0,0,0.9821498588355579,0.5118939871620665,0
0.8923158548228549,0.5171083123307386,0.9218022242727291,0,1,0.5151783997177184,0.7497887883326653,0
0.962750734708155,0.7474629187750297,0.9120358268035844,0,0,0.6615497299191606,0.5071940653463867,0
0.6427890519332053,0.19522933070373022,0.6169171699763176,1,0,0.9467491389043321,0.09889709946090536,1
0.12238123275329076,0.08968725629841041,0.04678224788141398,0,0,0.8258088361262036,0.7185089373767057,1
0.5574536077551786,0.8045811212387177,0.20195356181301347,0,1,0.665525439196241,0.7356966005540357,0
0.14048872051340794,0.40077149098159054,0.2110507493639985,0,1,0.38218055675104606,0.3327054728893291,1
0.6286286114477556,0.7681691314007509,0.6656565775070185,0,1,0.2358859977691319,0.8768911120070706,0
0.5584066893082689,0.14290553787837282,0.2956940507904255,0,0,0.5907788212359388,0.03676646716392529,0
0.261059919613447,0.602129456932145,0.19000077494505585,0,0,0.8921354599576214,0.6554523295455539,0
0.9306154384980512,0.7767213821122262,0.7198313985106576,1,1,0.3123428032124098,0.6049722728205289,1
0.257038308655719,0.5559069744279341,0.5938576631243592,0,0,0.4802209041022406,0.7500749805350415,0
0.8082477830086631,0.2573645479062002,0.3420785815106699,0,0,0.31310961879254934,0.27850229583899505,0
0.19531335879988537,0.5645399097659914,0.5598531300494649,0,0,0.7652167392840206,0.060374554688378546,0
0.1067523146023462,0.7380714341695033,0.16963090369328396,0,0,0.4685627024568887,0.15649625229787578,0
0.6673984446472064,0.2448380723752388,0.16458225937465953,0,0,0.8808147019235735,0.5302505770083361,0
0.19013804029620812,0.255231117623953,0.30387713675567196,0,0,0.045016428900004506,0.014518810920988778,1
0.8555401575337164,0.8819670493299216,0.9103529360847058,0,0,0.4666215723698945,0.7198112020026972,0
0.40581221086015684,0.7330492706514534,0.7905366740997158,0,0,0.984503012978679,0.9536199855349912,0
0.6880312075961393,0.06649961228044378,0.2885569211677606,1,0,0.18525024143651714,0.1307412653551766,1
0.556600369933816,0.9428269916000406,0.5398544882026053,0,0,0.8380939179244975,0.5950787103461841,0
0.9045314836070882,0.4038911475961306,0.2946818633493442,0,0,0.6583535337525226,0.6368080935282547,0
0.5064311909192682,0.16560224648427216,0.26353819686558166,0,0,0.9589207827418413,0.3034121763720555,0
0.5762560044147591,0.3011790337032298,0.8160843907958868,1,0,0.10595435498329041,0.8848434381073693,0
0.9507165709109066,0.890094122540226,0.19608936670765303,0,0,0.9852816859551091,0.26939962586858984,0
0.24330960087298606,0.5246395885953044,0.6933686643668111,1,0,0.25456377300794797,0.829306239550925,1
0.42858216220700146,0.47328117951800763,0.37942117215149235,0,1,0.2578608640789666,0.8079163084639955,1
0.9713727503316041,0.33969173114896645,0.6942790793950896,0,0,0.8813913338753678,0.5158139483188677,0
0.19602865352421187,0.8827311016239833,0.013100059141082306,0,1,0.11797621894760245,0.6878614476445133,1
0.41710137389276386,0.03673360045746646,0.7566977704913781,0,0,0.9231248365020106,0.8552794225313238,1
0.04877952822971031,0.5736574827012325,0.9542537697982922,0,0,0.6863593263742683,0.8319540497866174,0
0.5244465851705973,0.27829622626704353,0.5893739237196968,0,0,0.41772202803880815,0.10144642375086316,0
0.9185139263849752,0.7155162009357388,0.15021302572923934,0,0,0.8433328189986604,0.44538323954109543,0
0.02609073947181802,0.8547942663012023,0.1983338432812642,0,0,0.9988783763856245,0.482301653870812,0
0.09448209235722116,0.3250410761265059,0.44932611681337037,0,0,0.46987305653598654,0.2888664637531137,1
0.8780451511072274,0.5038461137260769,0.6013921012598236,1,0,0.8690676927320563,0.3572862227528603,0
0.2419847251854115,0.39178953012916334,0.20683131907674285,0,0,0.8797335780351868,0.45160915821914066,1
0.8460074598057749,0.8022124415836489,0.49102537296863213,1,1,0.32492857281950194,0.2806414468762602,1
0.5788718947887107,0.5884488584917255,0.04135659117157817,0,0,0.8961692703603723,0.3603665313091206,0
0.6331617179227751,0.36353341410876866,0.5351091214339595,0,0,0.9901486481484276,0.47853866341392254,0
0.9164533262647734,0.6067370342994255,0.9718188842215238,0,0,0.7645820574103618,0.05542949688988352,0
0.27008771172464274,0.48782050131638655,0.9195966967087308,1,0,0.30720515768242695,0.576677584829753,0
0.3474123794289539,0.9768550599233599,0.431891995350289,0,0,0.9767417192277027,0.6173538383753183,0
0.5924342088310031,0.5410369890806495,0.9397737455373545,1,0,0.8582764800218146,0.6485851613162772,0
0.4715994300382649,0.09217508172285249,0.3586210485327367,0,0,0.6923430687665209,0.7282846506085137,1
0.4766744901201868,0.7014732842963657,0.5064077086402106,0,0,0.8902925452112374,0.7993759569106542,0
0.08789508050896462,0.34982482397512105,0.5697692568741454,0,0,0.23030200666480466,0.5506893837260605,1
0.4321542766712587,0.04216877026006888,0.6212890302756762,1,0,0.30456371265184934,0.8807413231066581,1
0.19242592324867008,0.3772608907338091,0.5690213874510052,0,0,0.4502861456359802,0.3150617212234788,1
0.8118905371380194,0.015359209071185511,0.8631436790480608,0,0,0.141818109278918,0.22692863851102602,0
0.179450525130742,0.5762590906362175,0.24196199304480195,0,0,0.4993902645518373,0.9760890478123021,0
0.537755562271134,0.5148011726142925,0.8686561312215758,0,0,0.5185672974708601,0.5450911135507888,0
0.7086865984927727,0.8910584057103976,0.2418698625019279,0,0,0.030333002866577696,0.5906089408470221,0
0.35492741001873873,0.915620578098822,0.8362404100909022,0,1,0.803430802616186,0.5070681821471466,0
0.6642683915125369,0.5942826539151024,0.8924765737301821,0,1,0.7403967165165533,0.8477073501415378,0
0.5094018997240408,0.11678694855895795,0.3757452714274863,1,0,0.8853920866962603,0.5826137232530082,1
0.7289555031958201,0.7554881359736543,0.28036679044403884,0,0,0.3559058196259044,0.4764406061672916,0
0.9121643135139634,0.6624766370179901,0.18041316191092158,0,0,0.9016837158189704,0.3583118585850658,0
0.923068991948321,0.6683850260322268,0.26703599100727304,0,1,0.9905298385969187,0.3592353382037346,0
0.0675418445256368,0.972319836218052,0.9231683661189636,0,0,0.2084214733001874,0.02944981287101145,0
0.9151996913957426,0.9699526407424537,0.6668073672566488,1,1,0.3897626641986076,0.7418441957857518,1
0.36735283887780756,0.39158367453258364,0.1891697201891523,1,1,0.623990972662466,0.6323700378790813,1
0.7186997808420091,0.6528483422784018,0.2635098770860176,0,0,0.3479891549171096,0.4261066567497321,0
0.6287767763611622,0.5944043473937469,0.293027492084615,0,0,0.9402033409709486,0.5238402674618601,0
0.4626835646642315,0.7550905943031524,0.7620333541561357,0,0,0.6805256220297831,0.2911183439230293,0
0.7439799931993365,0.6506765664614095,0.6125645455370242,0,0,0.6884469507321365,0.8470413112792419,0
0.5805483895188831,0.7737948864243636,0.5521262407161617,0,0,0.9227038211072628,0.5040086378752235,0
0.09213910359318568,0.6125573417482293,0.3989150328509595,0,1,0.4263447123690826,0.2396284282908619,1
0.7873289617152829,0.8740125422087304,0.5552556267296793,1,0,0.2718309090570124,0.9485972368476678,0
0.5469000733029746,0.9426233883716831,0.6845778720072639,0,0,0.3538476023928959,0.53037125726758,0
0.17984534143930206,0.07622821767704992,0.7904761640254351,0,0,0.7122377808786661,0.7047047082642659,1
0.42732048178399007,0.6182600254452844,0.8732654050093578,0,1,0.4126846449589054,0.22349058307831549,0
0.08791351637435092,0.19324669559004387,0.1684864161988869,0,0,0.7773178271282472,0.45973752427677433,1
0.2174611547819662,0.5647656484118341,0.7721441896875442,0,1,0.983028666275974,0.9069984259622548,1
0.3111838338574684,0.5885847273567697,0.3085223129489971,0,0,0.19412987367020382,0.11957580827356162,0
0.11577220298682502,0.9117102647998924,0.31760675241093433,0,0,0.2980734144974631,0.3131939934377496,0
0.27629719192495195,0.4041250179074992,0.41699197275884414,0,0,0.9991811667776512,0.25891635182192446,1
0.8157620175099205,0.1119709677169346,0.662011206571939,1,0,0.6021011957094334,0.20313724965576302,1
0.3108744258051299,0.08061543834689755,0.6826972905532439,0,0,0.9908783365382137,0.37066314580446885,1
0.9482235859698707,0.8226530717845523,0.2921766801209592,0,1,0.9716235814552244,0.5846839365519416,0
0.45198197273589696,0.9522105034348242,0.30395558338507217,0,0,0.6558234307119392,0.23550803367597656,0
0.47389787542028544,0.5236988067807483,0.8012997842710012,0,0,0.296794060674887,0.13324678514574956,0
0.5180481996519392,0.6683454834171594,0.20234039094954803,0,0,0.8599037587340559,0.031287491635692444,0
0.8511883940208785,0.6598208896103419,0.3722489546387564,0,1,0.6925390709944118,0.08783384918899217,0
0.689454107801741,0.744079653010904,0.9704556463756756,0,0,0.1630517363238348,0.45825256765672856,0
0.19575780690241534,0.028041496293820634,0.2053977415711629,0,0,0.8413975188859731,0.7834722573019652,1
0.4472193271631278,0.5845680753127375,0.10168480010341396,0,0,0.38607608296062584,0.157613605119997,0
0.937258147661388,0.6791225395423631,0.0004238489882807206,0,0,0.7030313358522474,0.9006872664120333,0
0.09836494067157932,0.5736953590336513,0.8069606630864091,0,0,0.8046340353975827,0.8662195389053953,0
0.3248803151969055,0.32391675439998474,0.7006162760230952,0,0,0.10566857525322357,0.5472440253018547,1
0.8224573984043864,0.2922352802000469,0.8685079287782672,0,0,0.8355610852360479,0.6797353410702274,0
0.8994002360990507,0.4122102988985074,0.5057311490419769,0,1,0.21819227030799815,0.8221960882344439,1
0.6737157833351208,0.8807543225060418,0.29260656445749583,0,0,0.9881029876265787,0.6385737300484868,0
0.012075516910519566,0.3992328467724793,0.40350310214037954,0,0,0.6076171958776686,0.22194679516332866,1
0.5487428676276183,0.4133217793949602,0.9320610555361999,0,1,0.12201477282199648,0.271818108686494,0
0.4814343775107224,0.848085929658029,0.6707884434002783,0,0,0.49743430570479713,0.3302354293822292,0
0.2694679275693573,0.8495494534652585,0.5008766018433438,0,0,0.585202552881042,0.16773985331643498,0
0.6913991183265714,0.7998928764793438,0.7990586607159009,0,0,0.29907742151288097,0.053237734621417954,0
0.7547924310992626,0.17688951510853126,0.5232084504271495,0,0,0.14744868303034117,0.4212094460348322,0
0.6847894061688953,0.8402526856686863,0.49769467035642584,0,0,0.7326999763324192,0.4164079258323991,0
0.19661387688956408,0.05052646805697769,0.032557410274672585,0,0,0.17723244479565925,0.5808309608542952,1
0.3385650826454279,0.020958569088820884,0.10004432623044852,0,0,0.5337892232439813,0.5835530503959439,1
0.7079419832377944,0.15930180292457385,0.39039223477229534,0,0,0.32174853705376755,0.7070437991946299,0
0.7107855428709199,0.7071566549217883,0.32763566483780077,0,0,0.7158061705524108,0.29760946728178733,0
0.7324255433365401,0.14989201926893356,0.5948105545938457,0,0,0.8184503658332534,0.2814722773884392,0
0.9717980836045538,0.004054391337066183,0.20396813417121124,0,0,0.5458659629879891,0.05329481932831415,0
0.04640010702102183,0.2857277824890073,0.8423495049146055,1,0,0.09920116073599572,0.508666392077052,0
0.7318521082649307,0.07532071690816747,0.5218609225591784,0,0,0.9085830419226354,0.7252871734116797,0
0.07843335239190012,0.23285955864068136,0.10352572152975358,1,0,0.4003920577076763,0.5417450022205577,1
0.1279523870708411,0.5022161470193348,0.8920846508639648,0,0,0.19486063429699882,0.7062083580588312,0
0.4934089097619298,0.9007673910723205,0.1744931853405776,0,0,0.5078186863489708,0.2592622615718642,0
0.041088889532490964,0.9558139196110933,0.049359149859184395,1,1,0.1769257012860923,0.36208097795756317,1
0.9559003085416966,0.3631139351302275,0.38344156758277753,0,0,0.4777445493980821,0.1529799184950072,0
0.288727856778409,0.5758410523800579,0.7725656179302769,0,0,0.1525329805621273,0.6624962465387234,0
0.9522162632608845,0.8821477927453283,0.7028412070441065,0,0,0.23171397697429053,0.5204756180998711,0
0.8011471576225568,0.23591824448682547,0.847752188130267,1,1,0.6945929239891141,0.24839018565916926,0
0.5470293230983041,0.17731688852992716,0.6533202895832233,0,0,0.6734744659788491,0.2849445927396121,0
0.10755226463837993,0.9143237894512218,0.5042495354776704,0,0,0.04618896221183117,0.09053979569074305,0
0.46074295208230015,0.989286605015156,0.8816500498491098,0,0,0.08032109235749733,0.9148409299427256,0
0.4226362172834638,0.5454160631538668,0.8068421236241532,0,0,0.42272028226263286,0.5403194334830879,0
0.9603338912535073,0.128348202208463,0.7279958125853825,1,0,0.4432469510131337,0.6558042472499666,1
0.4687466106454895,0.1476325943269705,0.6162794953511729,1,0,0.3815173788402819,0.610106035066138,1
0.9197965480076287,0.4629673160610963,0.6097749080444227,0,1,0.18413407579507196,0.9315048979366203,1
0.5108422376207808,0.9292644901953221,0.703444957817156,0,0,0.7794403960914416,0.453934737366321,0
0.5340704897721299,0.6036544645119402,0.4209737397335083,0,0,0.8797828217872157,0.973787196661581,0
0.44894172758717343,0.3037244938171283,0.02495160004819459,0,0,0.3271748277667522,0.4324375317539699,1
0.001997647201195445,0.17039634975750356,0.5895425064674933,0,0,0.8063656220909724,0.7240450924167567,1
0.98625377757831,0.03727837807390584,0.9885646735473244,0,0,0.8934188527484483,0.6707570989145304,0
0.6464815678081093,0.11697633751438989,0.17324525376349548,0,0,0.30054015867581696,0.23830539155200836,0
0.9360156271563465,0.6558336020343528,0.2507200039484889,0,0,0.030814356991071004,0.003257400639986807,0
0.6934117815127795,0.19267123287739404,0.6581127342939498,0,0,0.5003108223382345,0.4017021366558334,0
0.20812214971844373,0.18260975064304383,0.48629051209668483,1,0,0.7700872242456704,0.5120559923946479,1
0.44539212405920325,0.5724287224769463,0.8820969299074419,0,0,0.3796806691249217,0.3066204478119802,0
0.5112114063227969,0.3665513286518955,0.5615657844753447,1,0,0.7545309830124465,0.25983154399543124,1
0.9381959517567607,0.8066294068393471,0.8585676761678228,0,0,0.9623390777418706,0.8046597869696102,0
0.8430815125229321,0.3116343495620856,0.998647124189466,0,0,0.6897969152522978,0.28205538297112104,0
0.7127508262824805,0.9773308055193444,0.7373815719864635,0,0,0.24175855638565766,0.8305670746264333,0
0.6342207615405313,0.08002506846421732,0.2998853182353594,0,0,0.22654604766098013,0.18789213618292855,0
0.5437573801777683,0.8345392568263774,0.559286679407851,0,0,0.13359771126103967,0.665156066429873,0
0.135639549507648,0.8180703625632829,0.024100140955345878,0,0,0.5163112300846749,0.945737205070666,0
0.45962824974833694,0.8681850538608358,0.03690155095905368,0,1,0.4659375434052005,0.3949013099689816,1
0.1600905234597682,0.06537207570713063,0.38112157114652156,0,0,0.7587372533093866,0.784579378341683,1
0.9582564187882777,0.8869775975996279,0.558509110187446,1,0,0.2210434555208606,0.6503738366116012,0
0.1300568060696684,0.08788981090275436,0.011979228417289252,1,0,0.580754163429709,0.24722346987264993,1
0.10717928721983047,0.2519088060147242,0.16636555789956525,0,0,0.9024806488138567,0.8289905557873973,1
0.9066975990775948,0.11903200368552509,0.639309680237911,0,0,0.47152059902831056,0.07381456414535437,0
0.5262425327563346,0.9779785517278579,0.7042569897353514,0,0,0.6712328054069626,0.7854566724029484,0
0.9706073734253213,0.46419264108063035,0.6573936872283622,0,0,0.11465722211781916,0.2578888070598346,0
0.7019132795798739,0.22374171981743818,0.12210519309835863,0,0,0.28078023086306064,0.7817093227211966,0
0.7202591947015696,0.32288223173761843,0.5283301013667544,0,0,0.5699611424755218,0.06435483430671574,0
0.6422721212323285,0.014687159081267982,0.5065009895410695,0,0,0.2878888759939477,0.10974301870274872,0
0.41380354540504993,0.959709808308955,0.9568981576242193,1,1,0.19399864027188723,0.7905580603718199,0
0.9765371003411748,0.7470329895291414,0.06871038471734625,0,0,0.478755165849968,0.39702312107175247,0
0.06383388733664366,0.7330318423882486,0.08994364460572243,0,0,0.5219828883502206,0.4069384233912848,0
0.3872158157997675,0.014503994584072373,0.1678424944291265,0,0,0.8972737949035091,0.0747478650401796,1
0.92567709777309,0.8599299539738149,0.8272061533395552,0,0,0.16877221982441798,0.25482230096180286,0
0.7822275510620719,0.806554444138075,0.08731770638803904,0,0,0.2702167051077079,0.24486521160720193,0
0.030201921444156645,0.7542708581403458,0.803920495609283,0,0,0.3760316092895588,0.2441327345847894,0
0.3487123413730033,0.022668632073104326,0.8025640981505784,0,0,0.6591555148322193,0.3502408856113189,0
0.7887639884573883,0.8590905171612281,0.0,0,0,0.8064455547567057,0.7571943129164267,0
0.7072589333701108,0.16489563366114474,0.28439872045905873,0,0,0.8256721951226665,0.3825875218972477,0
0.2850407427281542,0.7889447026724428,0.96447579861137,0,0,0.4524191654178547,0.18108986075707656,0
0.7676695798422046,0.5851776813427524,0.05904352088032966,0,0,0.7760553406754395,0.019043942905811462,0
0.4108873867165125,0.7199663884720914,0.0804191220290894,1,0,0.6954486705765818,0.929005341241196,1
0.06125089141665649,0.37973522201010945,0.8044542939325636,0,0,0.6191427753910587,0.9015220492591467,0
0.41798649902155494,0.17539142663216564,0.07243031804196763,0,0,0.41642659410818395,0.14922814894465353,1
0.7558487914893979,0.6897981923551498,0.45272516738601953,0,0,0.13601392037093607,0.8451033928640381,0
0.5450903543405494,0.6139080162894694,0.592222499563232,1,0,0.2626949938891299,0.061523032939207634,0
0.7402212481347941,0.45752108733774505,0.17268011455077073,0,0,0.5099851016189353,0.9042632570399698,0
0.568167140437555,0.7011247352893558,0.8162465656423696,1,0,0.49327011587138886,0.008584138785817985,0
0.7246750031710025,0.2816190433875198,0.7337274120638809,0,0,0.5661274339825683,0.9007996066882831,0
0.732489654964681,0.47758291329650465,0.9231978539796192,0,0,0.3658542342729973,0.49004555197232263,0
0.9629826976445549,0.5277549346041945,0.45698970540503575,0,0,0.11454300577506701,0.9331464464396642,0
0.4113113909755966,0.931000686427811,0.05625943528919376,0,0,0.6471218709862455,0.1014567979893205,0
0.9665192500503581,0.8781991611986601,0.6966872615800862,0,0,0.10288004576754531,0.27044955075724136,0
0.8281563104264745,0.8759470321404524,0.3910262381711226,0,0,0.6025230189150295,0.06247524853987946,0
0.0794908090455745,0.7133505744299841,0.7092839460424886,1,0,0.239136149331497,0.8794151779324149,1
0.14133038511096588,0.3640438666723938,0.5525205445013791,0,0,0.7846228456749127,0.7165460629014082,1
0.0638869719498245,0.9091896054621217,0.3587968604783099,0,1,0.06059803042086397,0.1370722634365315,1
0.9823832475704595,0.5335764806785824,0.40522727422510124,0,0,0.5749344040536135,0.9242670497086607,0
0.8583421798709379,0.504451252901593,0.12889787138567146,1,0,0.5666591919715325,0.11357080564940375,0
0.5424387527631155,0.3323237417347269,0.9557868767744732,0,0,0.23233139377513207,0.2820352938657434,0
0.28232730641237397,0.6967402799482899,0.6423305204346609,0,0,0.1981439015981223,0.840314084855728,0
0.9617769097956637,0.8838162956729453,0.35904207852214337,1,0,0.2129018883571616,0.4071539028872538,0
0.8079794539167603,0.6075998121172816,0.4796749399422883,0,0,0.6730487142734426,0.9951651358650329,0
0.9903189311002014,0.4323167561749769,0.5137724301564627,0,0,0.3270018086336611,0.6798031466369976,0
0.9064828932279955,0.840810595234275,0.6505055197306443,0,0,0.8395227739844784,0.4091989558927975,0
0.5980991774071888,0.722605700650756,0.6843066721036033,1,0,0.9028138850811999,0.8176957707783838,0
0.51463854409078,0.6645545284599665,0.8325691023978,1,0,0.4614312485692609,0.9299499028460652,0
0.8227574152731009,0.6765767843996036,0.40919441537446055,0,0,0.40268346637627017,0.009242312784535689,0
0.5392994601145356,0.2863051993570912,0.05867905416078401,0,1,0.12400448889415039,0.22947046864736598,1
0.009189411949451906,0.4861514034601769,0.10384789772662031,1,1,0.5166008008299844,0.6047729232567884,1
0.005929443157867035,0.10660938547200147,0.5949091966514439,1,1,0.309082912008392,0.4947354506828054,1
0.2573556007512698,0.4049842177963102,0.06800057636783555,0,0,0.7296653302333755,0.2826157334136283,1
0.2406525470521187,0.920509330826251,0.479779771814979,1,0,0.89807184170695,0.0890507178958615,1
0.23924099651175182,0.09039004263780526,0.25558928594599367,0,0,0.26428962077475504,0.7988858075473111,1
0.1310746969883046,0.5591734127359481,0.8009502544706882,0,0,0.9430701446535356,0.24023956628217313,0
0.23483023435147754,0.7516425527334321,0.07150534254541903,0,0,0.4532870159285758,0.6185442415111337,0
0.44907775996659677,0.1918704737353372,0.8490608652883868,0,0,0.10113956640599138,0.8644649131246995,0
0.07774100166150573,0.44722669950022503,0.8954624163225121,1,0,0.35277556668844745,0.202255137793731,0
0.7747813826797398,0.8640692827473253,0.8160854051804401,0,0,0.3860645618848659,0.9940795909140656,0
0.3820565393002929,0.21491751577116724,0.9070584234784804,1,0,0.9215145520201035,0.9208844358920893,0
0.3322318457637428,0.9621950868587738,0.6582628677626192,0,0,0.9011064154916119,0.3461235626293438,0
0.3518163066518575,0.8152426900382912,0.4208979692241013,0,1,0.9669782123013718,0.6511848156097397,1
0.11492734123016035,0.8675158998595587,0.776401759561965,0,0,0.2863933110431908,0.20472204310721887,0
0.2920124253764394,0.16980610789277165,0.22426480231068688,0,0,0.8710204714714839,0.014705530487568397,1
0.6954605434601523,0.5802916518156346,0.3839223629596887,1,0,0.25380172054748484,0.22524677141042182,0
0.5188746438488736,0.17389645412638197,0.01831179642271624,1,0,0.7020102208828783,0.4769738808296365,1
0.48807605286258454,0.34454793504103093,0.6738917085497661,1,0,0.058281757695741655,0.7276933370248135,1
0.4055301636526694,0.19601504021777424,0.8263594444794184,0,0,0.2992495344816787,0.5713809380934198,0
0.7432164226243567,0.9832271536850757,0.5948836755072143,0,1,0.00980752180346855,0.626146858261518,0
0.6148897441864328,0.7481310546569563,0.18890617023483455,0,1,0.5429771674202815,0.9897758155863112,0
0.4598809386833742,0.8207482048878075,0.2828724324797465,0,0,0.9561344954483352,0.04083193933627993,0
0.9760289098304856,0.2309226615089117,0.6273961888463851,0,0,0.28239705390348563,0.5253254761453048,0
0.24699672668873188,0.6513275227130935,0.3627131253796686,0,0,0.8458364552110821,0.4198325869356439,0
0.9650209397660122,0.10881960957082094,0.09702746626733431,0,1,0.34199780510268857,0.2081601580852545,1
0.806665893777205,0.8783330821772471,0.4342780636881484,0,0,0.13701710030611478,0.5612816925462809,0
0.3765702535685402,0.44866922788205615,0.5934512586939404,0,0,0.5270346657594134,0.8751371733587774,1
0.31903368040183233,0.535396248780756,0.3655205615504554,0,0,0.7516592215120736,0.6406737597428915,0
0.23673641778137175,0.8131181875733651,0.0375766697563448,1,0,0.2611034305543618,0.7016094522935477,1
0.09656913796158978,0.1879475930761209,0.946296614189041,0,0,0.2201505928013643,0.9726582724668735,0
0.689710838921178,0.5281943540903103,0.3325179050772048,0,0,0.7393633205943605,0.26347328775773343,0
0.6536736768658438,0.5802587056536266,0.23222264148914648,0,1,0.10521587804040299,0.9102715132471653,0
0.565132823905439,0.8391047288906929,0.8638643405467397,0,0,0.2650639364827815,0.5617257706339795,0
0.1947145323442086,0.3415631702084314,0.7223840846525116,0,0,0.32996352175095395,0.07292024239206485,1
0.358972208569465,0.035245026516930664,0.18049801890023004,0,0,0.2903269203188399,0.38838907045047394,1
0.4557933720451468,0.6517639012778961,0.6081156106569323,0,1,0.7594403240269022,0.6556646922149179,1
0.02699183704125146,0.10951675250269259,0.2762826631555958,0,0,0.015989281074414503,0.5488384874362686,1
0.5756652522352933,0.9945280827502567,0.7052321604198846,1,1,0.9823242067127724,0.813692124219469,1
0.018335417684953597,0.9576678686782798,0.9282623987951347,0,1,0.062428466771384174,0.46114369734427146,0
0.6981233396723199,0.032703884503574684,0.9292607619761981,0,0,0.3947062252697856,0.3587589374282652,0
0.6615607549596918,0.11237620070278767,0.8269736644863823,0,0,0.02028997489713409,0.6290071832368826,0
0.6667766280008357,0.4465043949263089,0.7372013631742551,1,0,0.7800688915348575,0.8205529074859785,0
0.029081571273919707,0.5293542154076775,0.8564731076143448,0,0,0.8274828876182242,0.061164645944081164,0
0.7393573911272279,0.6516011134328925,0.17899918955534858,0,0,0.44405830134999535,0.8473838586912037,0
0.012318644254608883,0.9518170858808468,0.6011328217894573,1,0,0.6155750175672117,0.6933905028531935,1
0.4292432972661849,0.6084129025267216,0.1670692402761457,1,1,0.6455318741577503,0.9753990595306259,1
0.859831810840404,0.471251181014882,0.3989819598244605,0,0,0.7026335865869183,0.8611105350505373,0
0.6683386050777592,0.570850035398333,0.34545771789341284,0,0,0.95500076852316,0.0550533793122755,0
0.5870860665299983,0.71189327680594,0.8233603747689496,0,1,0.16740116336372346,0.10094567674325289,0
0.3162112027782265,0.3913083713391884,0.07189478756842799,0,0,0.320777654428339,0.1118259757912789,1
0.04822167558480551,0.06972577486044661,0.6795738910920128,0,0,0.5571153910922151,0.8001608340248918,1
0.4649531905016853,0.9355853859856809,0.9539138421911335,0,0,0.590976886818479,0.040612270722325206,0
0.7770125907062323,0.6600837444210929,0.8688398597988091,0,0,0.7209830167394513,0.5464586585555347,0
0.7642688671930059,0.7688457591759595,0.6389991405103337,0,0,0.21036788202865864,0.17029172156630634,0
0.09679117036560408,0.2189378183605749,0.7153365175348043,0,0,0.41656477972343425,0.4065839539230232,1
0.6498344649141244,0.7724176596383932,0.04315787216993385,0,0,0.575866620724317,0.8499952454943114,0
0.49776707210937376,0.6861080662501693,0.46468086779021295,0,0,0.22338797125497306,0.3583492239117428,0
0.6059708290363969,0.4164438603127435,0.4892874863373524,0,0,0.7278069762555721,0.9934921124429834,0
0.9111821857699063,0.0100588547469819,0.49255739447505803,1,0,0.2252169562692185,0.011238728059627556,1
0.7822223579031092,0.8248191766091186,0.8641802032600775,0,1,0.7499059233293363,0.1743716906665541,0
0.06664424997459405,0.869955876001894,0.32569792794175184,0,1,0.7730534731492965,0.3553620637457808,1
0.9771641771110906,0.43581948812992644,0.6642129359781531,0,0,0.2931529098339313,0.7116497429344588,0
0.5498710277676384,0.986886742259784,0.13302591586495066,0,0,0.4934082352120872,0.7326492325831551,0
0.8139546940834685,0.5885938866493103,0.12427782010225114,0,0,0.9076123240623327,0.3987144269692678,0
0.2725467399100868,0.9732468054614711,0.9084529871362154,0,0,0.03791114831291208,0.1342147009021291,0
0.6176604005298606,0.44240360032176856,0.0010000942647456414,0,0,0.3067537437942107,0.27840215175056876,0
0.07022267864926006,0.6195688785406697,0.20584728601872634,0,0,0.3335637770628133,0.4422963587480974,0
0.36272718736103154,0.4339953905269626,0.030697784374866758,0,0,0.005076071158088082,0.7181227238271433,1
0.7722745585499045,0.7122246890648061,0.008154195247256113,1,0,0.1517786847995068,0.7247639875642498,0
0.7161546733259239,0.8681392403152698,0.8030363635848758,0,1,0.38456506228423615,0.6248119808545674,0
0.29982930819234666,0.10868556545545038,0.3647189804735679,0,0,0.13478608389670865,0.7982519949270179,1
0.4737365660346083,0.4156321563629868,0.49113909326651356,1,0,0.02775558064797286,0.4997922786100822,1
0.7971404642455675,0.9570232550074503,0.53241587549637,0,1,0.3724163451571759,0.7387849551676213,0
0.3654256924758989,0.9609888974557007,0.6186500257149398,0,0,0.48651629108048905,0.8060418065006558,0
0.29419547607609386,0.43122345854677374,0.8559731744132905,1,1,0.7287267102751681,0.241833306445142,1
0.18316780510441297,0.0926361932360094,0.11418220230171346,0,1,0.776071837201992,0.3213321953960599,1
0.009808247705516785,0.9541712423927904,0.8053309736333806,1,0,0.7646280391869207,0.0719671226213589,0
0.15453313445355554,0.4583432529310911,0.39831471682138275,0,0,0.03056236717764132,0.8022777999985318,1
0.6626511498756305,0.15367532122550465,0.7712524670827222,1,0,0.1818233428201714,0.8885714272161216,1
0.2995469668216089,0.4970346567269694,0.23960414172582783,0,1,0.8174353824856796,0.9901542089960433,1
0.7153805668948521,0.5446841608173825,0.4209114987457588,0,0,0.18727865165533672,0.5621404687115088,0
0.554611187667388,0.16428792104754616,0.37009229938455945,0,0,0.23182797853540776,0.08271776683936599,0
0.7375225464414913,0.08085248015171617,0.46899856729175654,0,0,0.7340210677056214,0.3502042747526501,0
0.17291112969401176,0.6904260906362975,0.949413833150926,0,0,0.2641153685157729,0.9490403509661245,0
0.6956554383708344,0.8277331991457175,0.10945614398103538,0,1,0.907220321387814,0.3018396364736679,0
0.6849643726803278,0.9324606886376426,0.5584463543372543,0,0,0.8959541324425487,0.40156009641899165,0
0.6909242628351203,0.23956852522173955,0.5719761552594109,0,0,0.7640689044075506,0.5357329562280593,0
0.17846642025426193,0.5284360169097398,0.9759189205189925,0,1,0.632718179964289,0.5614275711318792,0
0.4689997509711522,0.4643603803428737,0.9021747770340234,0,0,0.6005921697147125,0.14521971797534455,0
0.633332786721561,0.5589172390965677,0.5376203715079538,0,0,0.21471432564238704,0.1261713919414031,0
0.9874882925132022,0.3892660813877419,0.5645249884338095,0,0,0.9780966400373834,0.4542317083097987,0
0.5513669403731154,0.9902549336118963,0.05609203228632449,0,1,0.1442932240653399,0.9087086726216858,0
0.6125091841255343,0.3544149999265953,0.13205817792049038,0,0,0.19316008208384797,0.36713892033681134,0
0.5026537758155881,0.23037729647150673,0.3305158211991269,1,0,0.1515974647540043,0.5854681341513912,1
0.2736288725237007,0.5177761756706953,0.7235971779102258,0,0,0.3057148568385955,1.0,0
0.13070206229642325,0.38954479490782445,0.16360659398741068,1,0,0.3675622486432431,0.20441307303753004,1
0.21997178695942604,0.5076298321774452,0.2493916517477163,0,0,0.6005487526219178,0.07996404432299459,0
0.2660726310826132,0.6370005189986172,0.5749089799476186,0,0,0.9736139879283561,0.5778448232734761,0
0.4935141437537625,0.9561663437667134,0.6285845306089459,0,0,0.9180854910882542,0.5092013471193515,0
0.13160505152538512,0.6395301854720842,0.5051288104821733,0,0,0.6866967035086099,0.4099270415700564,0
0.1591918094604089,0.5502312278694977,0.05586376215632025,0,0,0.833034412373425,0.44365018882554447,0
0.8864776685997952,0.30680030825332977,0.5907064875889642,1,0,0.822744561945551,0.8313734343158208,1
0.3148408166395739,0.15389017175251365,0.40219872051375677,0,0,0.6528219471991394,0.8546025070578156,1
0.06660219759074419,0.01229081801054823,0.19370371304087988,0,0,0.3390686371569794,0.9712793404276951,1
0.5714232063526311,0.12746450430064468,0.6613159150227935,1,1,0.7921654187431488,0.4251199373756201,1
0.21772278345542218,0.31758647456457034,0.20025924205588536,0,0,0.6838145421525474,0.8744972172539394,1
0.6594531252057804,0.932306264593237,0.7796861181239753,0,0,0.02003933422217813,0.25660320048661706,0
0.5417761438408117,0.4913875641043566,0.7454308622397045,0,0,0.23046162989942964,0.22628935874044304,0
0.2890582902712236,0.48039261289364377,0.8771249905432195,0,0,0.3144247399300704,0.805657632145548,0
0.9473735921769088,0.5004244733570492,0.3194272584253135,0,0,0.9745655596404094,0.09541122857421797,0
0.8086408834110379,0.2373753640618759,0.7930580668998232,0,0,0.5516585815505523,0.9827052679506678,0
0.42726477393251566,0.9427742394131327,0.5143897477251391,0,1,0.1173317607467112,0.08515999494235194,1
0.8021616551714881,0.8325998969169505,0.11304195021452502,0,0,0.8077154167981678,0.6110536479072344,0
0.4565154530015911,0.1228175395876585,0.9562012675221864,1,0,0.3371473187550947,0.22563128043197822,0
0.6397701927983603,0.62639797068436,0.24067493009491198,0,0,0.44293430210117674,0.6626715940707502,0
0.5669746934718198,0.051059632100618764,0.11502190017021723,0,1,0.8605778855784603,0.3841859259084131,1
0.7245337273705111,0.7751212362542618,0.42666142849279504,0,0,0.6694706384146359,0.11617523118305628,0
0.2776361592048207,0.5682307299528235,0.7144203301147386,0,0,0.6575367255250233,0.8959829544090017,0
0.2571639032989969,0.552036279242475,0.20390302188268097,1,0,0.42472807123644873,0.5316138377468418,1
0.3750329574553234,0.24427454703142565,0.4745378223580834,0,0,0.2338728217615341,0.3089508267669811,1
0.3722020980966001,0.044512081991848924,0.7250418774674882,0,0,0.06520834877137875,0.9287957689380448,1
0.12486883630396045,0.7493217355039722,0.1960151645382694,0,0,0.8285383705000667,0.5659346736200295,0
0.20452125945995886,0.12040433807940526,0.6689836813866209,0,0,0.4353187392105114,0.735651014076306,1
0.164486981002992,0.5343319923468685,0.38012890934177035,1,0,0.8387080459058761,0.71123367318356,1
0.8420977031711999,0.3047756458649984,0.7807068387596597,0,1,0.3182458559865047,0.08203755986066935,1
0.9158212562341926,0.8966671267711442,0.6239722629723442,0,0,0.44023478372210423,0.16118924325070827,0
0.29556350887752864,0.07942363532511025,0.29957333783386786,1,0,0.2818886246563682,0.5748598464016561,1
0.9539602111644614,0.3621669424366064,0.5194749069284644,0,0,0.9610577457593845,0.13365540187451785,0
0.7885241523468114,0.7614762599338823,0.3138475272866139,0,1,0.2695523149363322,0.2559820929534274,0
0.22937038096383383,0.8016875509236655,0.1642076346023547,1,1,0.6974731764208387,0.8712793892145181,1
0.18197828307591912,0.19703651718613172,0.2163271092319242,1,0,0.7411486348231859,0.29366986733891315,1
0.5422828106733965,0.9711664230964429,0.3157905966495014,0,0,0.378084682006645,0.34549431881073783,0
0.04101800231046274,0.29003560849062254,0.3885972421662453,0,0,0.37084395483170707,0.12813948224023092,1
0.1329199394549235,0.6743356839881602,0.11332556893753229,0,1,0.6621760023679637,0.40212954889276836,1
0.6569798852970543,0.6878099221643991,0.17216031248292776,0,0,0.2682696589122748,0.3472030669296194,0
0.4072592966080701,0.4297932926804947,0.8049131851768465,0,0,0.5115865136157025,0.9909634207142555,0
0.1273841994740784,0.20135534048433273,0.4652756171153273,0,0,0.2943904027379195,0.837872302987994,1
0.09739902828920298,0.9426122935488561,0.6685365054561853,0,1,0.691030060137269,0.22924794793070746,1
0.5041072146072805,0.035601523732272225,0.9933865682596781,0,0,0.11028647688741121,0.19222508252401566,0
0.7167366335791033,0.5051007203147114,0.285187776103718,0,1,0.5407642078183056,0.5912305310821069,0
0.5541422299629241,0.9027321496710001,0.3689013260390874,1,1,0.9365466016351068,0.5549293435142917,1
0.04579873175479201,0.7395657030397588,0.8144828353655814,0,1,0.8436595766195186,0.10467882698092473,0
0.5381801023167355,0.08640340407368087,0.5507491269140666,0,1,0.07538650594085874,0.3378777776643133,1
0.37094472245987714,0.2955949385182471,0.5658191514335548,0,0,0.6414070115879335,0.19584011047490568,1
0.5387343737066088,0.15336211299941185,0.23213407333083108,0,0,0.12494761772114567,0.8579793984031097,0
0.9576082900853065,0.8573966198298572,0.21966065133186888,0,0,0.6766071009706104,0.2121812822523133,0
0.4111458335538153,0.06974103192826199,0.3388026351964438,1,0,0.9952423691946872,0.7911774812061712,1
0.7371411311671417,0.50833415058097,0.44905642218116393,0,1,0.7056958563339336,0.6356301827411139,0
0.19769706443436524,0.8145338837518683,0.7181010640720549,0,0,0.507129918169351,0.23083225476449648,0
0.7693139639495136,0.7583422433253346,0.6025804059779766,0,0,0.39476841812177343,0.18084047388431884,0
0.36047353265103743,0.03650411901605913,0.41006146078587263,0,0,0.1813751965199069,0.6768747334156413,1
0.9361723880237383,0.4674704429984841,0.28480486156281437,0,0,0.715581880559273,0.23691346042254674,0
0.8548218703787173,0.624992698186784,0.7342418317205589,0,1,0.735740349157215,0.49189167367181114,0
0.9843440527507857,0.716195266974329,0.445507354661333,0,0,0.7645866050723586,0.22945247455625706,0
0.5026404957950686,0.11596918403371952,0.6881149984200108,0,0,0.9686497347783075,0.6653659817587956,0
0.7962606032843275,0.5967186440304588,0.7641269676244289,0,0,0.15390661643981,0.9955319626264454,0
0.8209677423272594,0.8115407295172673,0.3665287365039212,0,0,0.730814374354188,0.6194426108324096,0
0.5694575514096472,0.14327231614869415,0.49802804023154873,1,0,0.7728647601984995,0.5361444027142346,1
0.3617810030419924,0.1996814751628678,0.37061584379874773,0,0,0.6982783293823847,0.5581066353654436,1
0.07294946120522816,0.8513970938747951,0.39893696245130744,0,0,0.995723625041423,0.46693855882231244,0
0.13405860896187372,0.15543746252310287,0.42186385361456247,0,1,0.06129809705014294,0.8502139603278773,1
0.5319318133795408,0.6755609005999563,0.21243022403111916,1,0,0.3743599827274484,0.4605983828838998,0
0.6312238649808287,0.686936162387858,0.9428012793077014,0,0,0.7352441934724636,0.060434431143217615,0
0.92018410472374,0.29345620037158615,0.3969006991004393,0,0,0.519394735273926,0.15838049335847887,0
0.2049538593371455,0.02649612529444684,0.6668411891509217,1,0,0.0876706513885933,0.8179682907433621,1
0.7663923595547573,0.5990053766067129,0.6972203124207608,1,1,0.19526423934199527,0.7699972534721027,1
0.4489376967184576,0.7430101998498992,0.9031936498433394,0,0,0.38905186458543684,0.23165724784188996,0
0.5068060250370624,0.32236819315984677,0.39679344663764293,0,0,0.9405025763529238,0.5472078218555263,0
0.2970244017979426,0.2849938517089561,0.5207571910915648,1,0,0.3517301453819289,0.24279410633626897,1
0.5970955281486356,0.8294344582476081,0.7456531869965366,1,0,0.17745719886084202,0.8334020679111434,0
0.7833388834845686,0.3835545494509359,0.19025048789202165,0,0,0.6882476627650488,0.17347179152143788,0
0.08149464986603387,0.4629163190633423,0.21837340864493063,0,0,0.9999498662364514,0.21057044917824047,1
0.33662352878439655,0.9087225636154266,0.7364925672830442,0,0,0.7719197994948931,0.8074408416304246,0
0.8124040149922802,0.19796361954892064,0.07423060772702904,0,0,0.42000796238268323,0.45965685679004215,0
0.4036607169941127,0.4326519665426976,0.2506224337821876,1,1,0.3824453326932579,0.7927671114277963,1
0.10664885772609312,0.06245427334177242,0.2879534342020828,0,0,0.4894434237284994,0.6737724788763795,1
0.015882891053432192,0.6481808573245499,0.36413127769705195,0,0,0.12495451861038613,0.13761383052228565,0
0.21691284792036655,0.31848076564208955,0.3671048007153866,0,0,0.024050623503867833,0.06580763161633968,1
0.12966896962299662,0.5650816884641597,0.6752951186465451,0,0,0.838794960741194,0.015609826554236705,0
0.16072068243096693,0.6639086787254376,0.0784264677112453,0,0,0.6258050669278254,0.32849907925846894,0
0.18100732030534006,0.7920050104417172,0.40718110389440715,0,1,0.5372010740515074,0.8758923168462316,1
0.21044311695174162,0.22607199388680835,0.46044135492031246,0,0,0.099974728986406,0.8334639812860136,1
0.5759351366518427,0.3332113112001698,0.5908884352935259,0,0,0.6971718701482028,0.7707197834579884,0
0.036190169881432824,0.8625890286595984,0.7516080434766775,0,0,0.5436971567414548,0.7408769181611301,0
0.0837749649682561,0.7845331672955705,0.32218763892158764,0,0,0.6688929541605778,0.8881404235997721,0
0.707642904493046,0.5440486855197184,0.36552721359987833,0,0,0.10943883088125102,0.25023323978123974,0
0.8505727193533126,0.20355383812974673,0.034172721547073535,1,1,0.47032965218178524,0.9145860406645894,1
0.49630987340053623,0.12019158985917185,0.5344249604693843,0,0,0.9201096210415469,0.18455652973143544,1
0.256241973392443,0.14784709176911892,0.44421941417662336,0,0,0.9537726757881291,0.3337823315770418,1
0.21171365775273215,0.33848459720252305,0.48867295689447404,0,0,0.16841819403449249,0.04656216894702475,1
0.7240951912017999,0.0211266096344303,0.5991851169408267,1,0,0.05714173012291936,0.6203763719167028,1
0.7622595204252965,0.39265945067513147,0.7920593486460684,0,0,0.3283541166278173,0.27491138903207474,0
0.3758408392888133,0.055506561082664,0.7225417235775765,0,1,0.5644251075565755,0.03699648433408298,1
0.7292187214689437,0.08273188511748317,0.7241898118376826,1,0,0.8448147090752192,0.49246375541603155,1
0.6848180426232529,0.34170202198006505,0.5934999386540523,1,0,0.6354162227896829,0.9821471605654672,1
0.8418778842071785,0.6064460057346409,0.21224773952001236,0,1,0.8345839246968374,0.33339108351482344,0
0.6517525726995169,0.035215245944966826,0.1341068340262388,0,0,0.19505370539204298,0.5862354530688039,0
0.6566144315360258,0.7341026247288751,0.19505396275089693,0,0,0.8999303038236282,0.44717973347053414,0
0.7723455897339617,0.8633184638625359,0.10504446364629426,0,0,0.045398292895907466,0.9396511457797219,0
0.7617410795600252,0.20349615139691246,0.984135158082872,0,0,0.9195154619653328,0.6464426933058669,0
0.25141935210726946,0.6461880777333014,0.13532617643113073,0,1,0.3526800954758117,0.5599044817484224,1
0.2965935311022269,0.5558171289785275,0.8153135155016884,0,1,0.35182193434559367,0.24295528284494688,0
0.07779250120809274,0.04716569558180388,0.6285184582952236,0,0,0.17078217160638362,0.5356407013150903,1
0.3730623625262006,0.5315056656231874,0.11654690356815313,0,0,0.8046154412380182,0.8405297862262757,0
0.10241688029616323,0.9163846223448017,0.9365677410207168,0,0,0.1598842129147764,0.2760795728219771,0
0.886615780929742,0.19818385803954952,0.36350726102399405,1,0,0.2855184130006813,0.6562134151676244,1
0.8720159020486757,0.04276604435632999,0.7607841095587239,0,1,0.21288777797616829,0.6311069809399741,1
0.9564428747301694,0.5619584935806692,0.13615691451384127,1,0,0.19106800011676042,0.52535268792903,0
0.9536545378909831,0.946542240303226,0.2024052644065053,0,0,0.714083437468099,0.3088986238347042,0
0.3211437339057702,0.45867153090866947,0.8336581009378262,0,0,0.9901083166361528,0.9423649230181712,0
0.27430442768959307,0.322247320894563,0.8645367971225778,1,1,0.9419518736428114,0.32156104232154065,0
0.9171586190042669,0.7986284347786361,0.24628841333026102,0,0,0.892207207968966,0.389730070526962,0
0.010635404656467756,0.928996588457091,0.568351529415102,0,0,0.9604479805908273,0.12673170384960936,0
0.49815858992273704,0.5364538375154726,0.20009036326234342,0,0,0.5464556634873812,0.7549175314144418,0
0.9779505309122968,0.005704938706271797,0.434588975425617,0,0,0.28384629065084416,0.7521633242940404,0
0.29223897262852805,0.49163760321318994,0.14009576659299125,0,0,0.580525761672834,0.12960040164699882,1
0.5741479099429134,0.7333787216706211,0.816317465156151,0,0,0.1111440563959935,0.6271731085227328,0
0.6917707898276927,0.35141357020783154,0.8618216985597158,0,1,0.931132519043579,0.36903104035918627,0
0.9207308346095854,0.7447291465683998,0.5831958932999334,1,0,0.428297817663416,0.7720217243108867,0
0.6668535602757911,0.4883707143830342,0.40556775508264975,0,0,0.8640098495765235,0.2675359578171354,0
0.26343475056523646,0.13066659675546483,0.955452910950686,0,0,0.8610797736007053,0.2678657361286057,0
0.7881708556832147,0.0896108140303181,0.9447079422669644,0,0,0.7376835310763163,0.8252646886641313,0
0.44480379811094295,0.4883118613928044,0.44404662193205774,1,0,0.08231465344838308,0.4439664246818013,1
0.8722745827306155,0.7813197952353793,0.7300486813826819,0,0,0.5512647605446431,0.45715166589756445,0
0.6237788893274537,0.9018229387879169,0.372684904010691,0,0,0.39128084360357535,0.1367985647453136,0
0.11523093076173764,0.5041217249726713,0.5115970852252857,0,0,0.25159528667007863,0.4832338317897085,0
0.24554184108961366,0.993503274735361,0.684095527376109,0,0,0.07011389655938048,0.19339352024021367,0
0.9159535605517868,0.9988409663331513,0.6371673361814166,0,0,0.13789931949283948,0.2258710808370581,0
0.6807194802629533,0.7437381494319992,0.8059128209791626,0,1,0.5316724085298726,0.8984550349603093,0
0.9554993038568504,0.23737963635473566,0.5006804857420478,0,0,0.6856253396307134,0.9821116235976113,0
0.9905330130399657,0.04612710595149194,0.7601361258181486,1,0,0.7968306622169037,0.3526764565083918,1
0.4352361099813982,0.4926025363101855,0.8678296808288406,0,0,0.6346716226996573,0.29258792085226665,0
0.7516285092674646,0.9726684298936586,0.571614946942531,0,0,0.41807360112535696,0.6182092876975551,0
0.557731808385021,0.9745425023524775,0.38292499442645395,0,0,0.5393593085143642,0.5890706411979365,0
0.9582405111312863,0.525815537690918,0.2595917323699977,1,0,0.0,0.2873175386042898,0
0.42829025413268246,0.9675395233366257,0.46076097434268337,0,0,0.7439660922923299,0.11232672021829798,0
0.5166572846381641,0.5321241520902671,0.6126288291897527,0,0,0.9747256156751033,0.8662715351769412,0
0.7772294717054505,0.7906936379203153,0.7731089245388926,0,0,0.30870143594675425,0.6361293719317991,0
0.9803575075620539,0.5067551586227066,0.2856412482367862,0,0,0.6601556175028586,0.0905854340649147,0
0.24157804171739572,0.1792604772463253,0.9583171963694092,0,1,0.9199264475445059,0.4760886508224366,0
0.6047158861860907,0.4264909736986888,0.9853988322352458,0,0,0.534033114982937,0.43616598420393177,0
0.49392739846156714,0.22234155094725142,0.8095245255964011,0,1,0.2973516430235413,0.8816563782947484,0
0.9430863411767898,0.36509563058700273,0.4843430124016735,0,1,0.6929111060177888,0.6865084647916067,1
0.008904237759363234,0.402719890193369,0.6446697606340096,0,0,0.14081168915191264,0.049029992874588035,1
0.6719456788982868,0.7853941821882622,0.7251830389699104,0,0,0.8057783342447633,0.22490114873427663,0
0.7341665176140248,0.593969077535355,0.8471136901434934,0,0,0.1541785385069924,0.9080792484865117,0
0.6215168305891392,0.793849836750907,0.39097994277889925,0,0,0.6894646021333138,0.04035662152935571,0
0.39687228906543687,0.4649392859897403,0.6933695270420448,0,0,0.07236101584419297,0.4789776591664075,1
0.7499729705397862,0.13815790481392337,0.3352001224452585,0,0,0.03112023557475785,0.6077782487888985,0
0.5981697367334098,0.45469984158908244,0.07205614309057705,0,0,0.13520444597410303,0.519955522494439,0
0.6223875727235892,0.259832358382622,0.264618874037917,0,0,0.40892331398896653,0.7752285925421809,0
0.9815182821882502,0.7397210274695852,0.3572002872430923,1,0,0.9378992166991527,0.7596603791553855,0
0.1546088796514167,0.36601883520220296,0.9217229984207285,1,0,0.7402976360784834,0.18679230791129958,0
0.8549049776861145,0.6622450008907763,0.011169609216900243,0,0,0.9709050514618186,0.7816818580062315,0
0.8207962316525601,0.9453502412728751,0.5076773056672375,1,0,0.8017370556362649,0.21987623184254085,0
0.16216754126038693,0.38765719128760373,0.15254673931531368,0,0,0.9186818900933109,0.03451998440176035,1
0.6916548173392936,0.3589220872718704,0.6022476562971095,0,0,0.6710560165126076,0.29647552143283534,0
0.2809599358009248,0.5479937281786542,0.9055057532567901,1,0,0.4810298750991912,0.08649441907403527,0
0.7671147256781885,0.3148709519350819,0.9746222174210736,0,1,0.5016607763174129,0.17258274563811438,0
0.20554903595103033,0.5267852459634603,0.9467667082583077,1,0,0.24459725243974853,0.3927034807947139,0
0.38223389254445705,0.11582370901066713,0.6831353387196459,0,0,0.06293764570552335,0.27833244051852163,1
0.056315770463458446,0.41276425251023663,0.10989726284355901,0,0,0.30369053226266873,0.7384766174284363,1
0.9912288198823199,0.6042598501782697,0.5933766029303861,0,0,0.0082584242011495,0.380453935941,0
0.08208682194729776,0.43931460808918993,0.06443201559268437,0,0,0.6426210178532648,0.479264150348141,1
0.3072321068710626,0.35839869823622816,0.2539328220200282,0,0,0.6527004888829254,0.5120153258073386,1
0.3674516060542873,0.3951080905717712,0.14647232917072556,0,0,0.737480531176826,0.5401494289071651,1
0.014404943016802466,0.7708912469919315,0.5136860435032865,0,0,0.6656715875708537,0.6955453438882924,0
0.5645560433678763,0.40299770953254255,0.16979618529049242,1,1,0.8604779109340629,0.9752833457574563,1
0.33307374806401646,0.9789183874702501,0.23219380155745872,0,0,0.2344614977073552,0.7514326933576232,0
0.20820313788497546,0.33750496079844594,0.3425466034420001,0,0,0.15476562106402247,0.8362793885912108,1
0.29527388963961715,0.9017841100927234,0.07695943651008744,0,0,0.3389470482400355,0.48240688796718195,0
0.47372359885155263,0.8615290300131797,0.1999266030092166,0,0,0.266715419708887,0.7063855761969238,0
0.0863676594274265,0.23497487660087518,0.30921902467502355,0,0,0.6276539706614266,0.9701388547212271,1
0.08119566053639354,0.14709910023703632,0.13715929985485767,0,0,0.5518920082985177,0.7488589630943414,1
0.06236572182000749,0.9461743612110651,0.05306645956767286,0,0,0.8842898597883415,0.629004258454088,0
0.8457026019401077,0.5874093006677578,0.5985560150393174,0,0,0.5333861616832801,0.8627282050773233,0
0.008997321493769942,0.04864378382398853,0.1704317017150821,1,0,0.18114473923089983,0.5179539809089817,1
0.21988707263976215,0.9906807145713358,0.8446821580405944,0,0,0.6527078838442407,0.28986478688874356,0
0.862996991284111,0.9414147073299615,0.8472212882951818,0,0,0.4508823232934093,0.1588585310692318,0
0.5331069073043564,0.10463840132084709,0.9396620833063772,0,0,0.4706328872091554,0.035022956327753485,0
0.6692479266443581,0.8672451149348076,0.21952137856517323,0,0,0.5429521539243138,0.11412136633364994,0
0.23867599797559097,0.4389794265855675,0.2724388233294366,0,0,0.044248306738891505,0.6894124018332561,1
0.6139917592119402,0.36599341727871054,0.19654829054967918,1,0,0.04543468080099064,0.19649549281346912,1
0.10864878954225951,0.024712765337215357,0.11799337900008743,0,0,0.5463796473741008,0.40626501938799336,1
0.892036828727701,0.665089043273327,0.3927437140349303,0,0,0.5404795145425068,0.021270756593197215,0
0.13524358343610676,0.27837375753802407,0.017177007197174566,1,0,0.5274883176603264,0.7307029347453642,1
0.757811640463608,0.3370995414301311,0.12185259218735985,0,0,0.10354425211787842,0.9181306746129065,0
0.05976954890751753,0.11669598889950775,0.4231081419462807,0,0,0.7271675118586206,0.7757821370639921,1
0.5290204500510575,0.776574669088601,0.7098287979790613,0,0,0.21986460585805237,0.16097464641840248,0
0.8668684023050216,0.6519286340560246,0.7067237060687498,0,0,0.9164570978733197,0.4850486933606846,0
0.531622860027349,0.5232038857987598,0.9005768953341853,1,1,0.012407950595545792,0.10606531542685099,0
0.8169547712790844,0.6683241534329005,0.35226109291668906,0,0,0.45838329879924683,0.1261348165366496,0
0.18579279978818844,0.13843762798357387,0.2984044233924772,0,0,0.45881071585080424,0.5005914040207773,1
0.6543263218165891,0.8795309539957357,0.10276168467803344,1,1,0.3079737887458863,0.1507818419683859,1
0.5482713072237849,0.3218623483679071,0.06418308986678219,0,0,0.48129412997742355,0.7869640975039398,0
0.7387424516556266,0.4133510141670779,0.7311076565014935,0,0,0.37119719986153366,0.8830875965778324,0
0.7025522120412184,0.48504773449870087,0.3800879413532606,0,1,0.668448441006022,0.3548417232077143,1
0.12916474770980643,0.4024708022165109,0.2664894124236908,0,1,0.9520508262275011,0.1833373654849335,1
0.8875951391086857,0.07738366057509004,0.16249149444300912,1,0,0.7394711573131665,0.2786564469220008,1
0.3062339864407915,0.7652741971875506,0.9452665778187738,0,0,0.285140899065908,0.7668267154201118,0
0.3263610581338967,0.1589888676848176,0.4020944076680382,0,0,0.2017802151332368,0.6202269407447445,1
0.6658206740630779,0.1252061869931264,0.29517356355006086,0,0,0.6540062972676054,0.46811071334709203,0
0.46457380971651835,0.3190369821212934,0.6708985842821608,0,0,0.7560184144040241,0.1952145394224329,1
0.004454616577360706,0.524366902255273,0.23713174147945035,1,0,0.5855335834223708,0.9263226436529537,1
0.5825374575975517,0.32285661118129094,0.5152737791593517,0,0,0.8140971698462531,0.4641886534487151,0
0.04954635614633557,0.0007986949841950294,0.10843683333364254,0,0,0.23063030283929584,0.34874682271934215,1
0.34147793622141126,0.6826879575082098,0.30394490107137756,0,0,0.796563264113592,0.019944994158323348,0
0.09369431576007138,0.17669132859425632,0.6077494750961925,0,0,0.5721964816456007,0.8021569111695621,1
0.9623687879336228,0.5991813076752557,0.1650847377803843,0,0,0.09164345378249118,0.7784828587123054,0
0.11770355895058913,0.45982629604087344,0.13175058349812735,0,0,0.781638571030444,0.17950397998590645,1
0.42058303963676597,0.6791792171677612,0.7181668232194716,1,0,0.9965439829878756,0.37866112666486557,0
0.8985810259957303,0.6039711160315483,0.7689426890450318,0,0,0.5384513769443808,0.38120388806038524,0
0.4638339604203576,0.6441170299905,0.9231036384715946,0,1,0.4573338972679295,0.6852995667769017,0
0.7488531629609979,0.24173326326106562,0.6764878345983544,0,0,0.8544935406422217,0.24923930706104486,0
0.3688092293424923,0.17879338718971316,0.6691774667987656,0,0,0.2754931225072732,0.08369995625726079,1
0.5618614076710214,0.3883872746260292,0.27635581154743577,0,1,0.0679531312146446,0.4981787178333092,1
0.8009236851975379,0.5472043249730516,0.7765964579964079,0,0,0.8525720392273551,0.765805471287176,0
0.36710238552651486,0.5071918820097486,0.963171691504561,0,0,0.9511792004668763,0.12402610018402999,0
0.8788629172825815,0.7646238693285942,0.6531638949536617,0,0,0.17412631175453924,0.021653412713053266,0
0.1337503639534681,0.6599382384787407,0.4663850833569279,0,1,0.21593900641370348,0.3020110380377023,1
0.6278253802533186,0.5329885560646552,0.6445421082215511,0,0,0.044223478191042075,0.18059744160342533,0
0.2345409101598169,0.03448903572841498,0.7992957402993679,0,0,0.8503246061199271,0.989994449548472,1
0.5935332616074271,0.8623525863041401,0.6047263348762114,0,0,0.11865428865907093,0.8826434337010274,0
0.9809651257964486,0.6274506465226826,0.7417074204968472,0,0,0.7384232281639334,0.6177234513256293,0
0.1658685133932695,0.5205292814915905,0.6258759342666373,0,0,0.4611099395362297,0.6299403815529827,0
0.8827661707963467,0.9140686991074423,0.1114814256709989,0,0,0.7873867966083621,0.9269724854380814,0
0.5732435633018018,0.34941141766822637,0.7174934015038669,0,0,0.47938929060961843,0.007173669312567188,0
0.38354430560154845,0.6089396794230211,0.6044549081893511,0,0,0.6427899140201864,0.8888246551055321,0
0.760539492162532,0.1705593304457962,0.13002504717934835,0,0,0.4005380323239419,0.2818134728868616,0
0.738242342435964,0.7080880097087441,0.32898947234788445,0,0,0.4283011938100838,0.055070006228623014,0
0.9432834234643673,0.08039156320376901,0.9477366177142963,0,1,0.8650353691134529,0.032147596438141024,0
0.928596314481823,0.6970054318460556,0.03561078748891088,0,0,0.7876638160001446,0.8827858103568227,0
0.32252497035676386,0.906380911463423,0.07482776727366233,0,0,0.45083341654020614,0.9978632911601031,0
0.5543773427599452,0.5414063809094467,0.10288351447705375,0,0,0.9435961403653512,0.15002900601195496,0
0.07374982024263659,0.3752912080677915,0.39213643552914307,0,1,0.7996820443855863,0.9528809698582998,1
0.11120104335681763,0.829252131426182,0.17752782061599257,0,0,0.7378097802359102,0.3616443280037221,0
0.20112667996587938,0.4714275198170485,0.4641730823611628,0,0,0.27772390647905093,0.06770331963893578,1
0.8723596664937696,0.6135517729344687,0.8756020324185467,0,1,0.04924378387570955,0.058058374249422284,0
0.11810707462940487,0.5554833079410458,0.5346580256651745,0,0,0.2952879392425277,0.24931312264955835,0
0.5463553884010555,0.8166401851128287,0.8846380484561186,1,0,0.36801541246922537,0.5803990800318233,0
0.44207168342870656,0.1569533768134655,0.6407643465582655,0,1,0.05609637179389731,0.11171516946968457,1
0.22475862911823033,0.7425063204743331,0.26841431760109485,0,0,0.047604668933625055,0.479649783798018,0
0.23357000268818764,0.8480304255159644,0.0352529086691632,0,0,0.9466220711010194,0.7322715346677791,0
0.9452303270483752,0.23683310810545408,0.09050809819674603,0,0,0.9090921507387794,0.7111819689792962,0
0.3796572608454452,0.02264927909043874,0.27837987578548923,0,0,0.27883614421025454,0.8316025597573307,1
0.7792199234158185,0.7092008828417002,0.3133063892019992,0,0,0.6589525693884478,0.42214361896698255,0
0.24835917336556151,0.9554887687294646,0.6301046147840887,0,0,0.20699971732751987,0.3068997487762332,0
0.30168780334631107,0.24530897453175435,0.5414542401908071,0,0,0.22984444196227724,0.5084055003074157,1
0.17272227097915677,0.8835697440787501,0.8836761173226004,0,0,0.779861865969881,0.24105138286978517,0
0.7812736291080012,0.5551433283294985,0.6911529255816554,0,1,0.27071878383518766,0.8353057108946813,0
0.7238457572326137,0.9621460527126058,0.2828570029517476,0,0,0.09359167373122561,0.5558881693065121,0
0.04252200353619236,0.04199122456727501,0.7281779141891378,1,0,0.8612872804022388,0.6165253792089969,1
0.2882826677965425,0.7579039614805483,0.2257052503363047,0,0,0.51521427308822,0.19301930488701113,0
0.6219084036130381,0.25615896962398255,0.11243809878723399,0,0,0.8775481341780058,0.06660489160162364,0
0.8943982994429299,0.566777499768827,0.7743164894624421,0,0,0.17939045803028147,0.4688788464171129,0
0.5011997319653848,0.3815565855434799,0.05690874003794581,0,0,0.3830147209497337,0.3092948392473572,0
0.3854460484566368,0.0717563619224461,0.04752554643514582,0,0,0.7993929236470072,0.4865365603802499,1
0.6165952199280363,0.9565211668884025,0.10335567775245103,0,0,0.3530981519993048,0.5057669676450898,0
0.7221040903424486,0.8979496408316361,0.39407101824187885,0,0,0.37298019224667267,0.8424121852647684,0
0.010886002574757431,0.813903701147983,0.39749141684612693,0,0,0.6725824275669631,0.94978560333811,0
0.2671816043200626,0.058186495832050655,0.3130734746924348,1,0,0.4191249127530667,0.28979179519893966,1
0.9860585690821275,0.6881985919324464,0.28666729433127364,0,0,0.9622307973450539,0.2708171337584077,0
0.3066775084691167,0.7289266114409169,0.1129457998559204,0,0,0.11487694159666079,0.042688192973351746,0
0.42517052351417284,0.043329113937092344,0.8188351939920311,1,0,0.06943971669178346,0.5250717824540405,0
0.17683933016826925,0.3364605732103807,0.5433787279418403,0,0,0.6623916888599438,0.9769027724211456,1
0.6990659407186609,0.8959222654599877,0.9934740430986682,0,0,0.3764138892420599,0.6686370858630717,0
0.615863093884978,0.37955120732194203,0.8128939373443786,0,0,0.08324159902076834,0.9645771915774362,0
0.8558059269422659,0.68077518312096,0.8302381350244714,0,0,0.09983808126367377,0.7354583572855644,0
0.43592071715633596,0.4490142758658645,0.6039867593907045,0,0,0.3707172314171484,0.1610844433875509,1
0.7925243348537176,0.8400557591976053,0.28762652115077264,1,0,0.1603464530153798,0.6505393673591178,0
0.14204381753144862,0.28206545189069293,0.2580831630629087,0,0,0.7121427825856232,0.7670699303658848,1
0.24818852693237703,0.9860031405365968,0.36248116771058453,1,0,0.02980254368745459,0.7892373018240206,1
0.5828677207962427,0.8570943629026506,0.27640594504934773,0,0,0.5635864788480077,0.2738239154663484,0
0.043339642304025545,0.7463494782556285,0.6623572151308794,0,0,0.7857476989055591,0.15387406083822586,0
0.0012756390726146266,0.8950409041410313,0.05025473685000408,0,1,0.12529727455331427,0.07075509686997955,1
0.13966692225946922,0.7340650678518256,0.9423972427688095,0,0,0.4969983394962895,0.5251282904719259,0
0.9170171107916698,0.18643775280891295,0.8022468145469291,1,0,0.05247420221710754,0.6411644389546298,0
0.11481481405435988,0.7226225889754414,0.45238076429885715,1,0,0.2351011974858886,0.4234100247619222,1
0.6427264704514672,0.9604616054057074,0.2675105793829732,0,0,0.1318927573792528,0.6966079606869982,0
0.0758952424987154,0.4720506860100169,0.40635048843696164,0,0,0.8520762866841622,0.7085072617621884,1
0.714312384008086,0.25566551106041013,0.15872512342356562,1,0,0.8835888357210995,0.7262202132893685,1
0.8682670371234699,0.61347770748281,0.12998903626159225,0,0,0.16578582614464576,0.15849905701842598,0
0.8797740838280554,0.9861356938622456,0.9607007444794918,0,0,0.4872366028121559,0.1493851614505171,0
0.6261742843655427,0.772735066822834,0.11726726777327968,0,0,0.0008372635133867569,0.9544547460203876,0
0.6313261791778493,0.11520554825347096,0.7746739578685956,0,0,0.4182647151017577,0.34978283896627244,0
0.045390139094226296,0.935795130687754,0.1856393045440988,1,0,0.22041094358588056,0.41762156076929496,1
0.4100394873961883,0.2266273495956397,0.5898353947976654,0,0,0.1030539717360761,0.4840231178991761,1
0.02402316839720618,0.18895946991027798,0.8825203671354513,0,0,0.9122567319774021,0.1938861191988958,0
0.9931450819067931,0.07943146082028342,0.662726172596465,1,0,0.4219208689010594,0.5046731727690426,1
0.6102540909117042,0.27060354217226773,0.9277155067849173,0,0,0.5383128177669421,0.6657709412914519,0
0.5955919693977043,0.7541735853530093,0.6492440479629161,1,0,0.29510441164063517,0.33968139046216567,0
0.8990117789115607,0.8687519749881659,0.035829765194348065,0,0,0.03244965171745289,0.5298249338690604,0
0.015724259692613343,0.3779014365256328,0.934213499915013,1,0,0.11815762074447038,0.6706098508890705,0
0.7407128853981865,0.9124877619806981,0.12538890418383006,0,0,0.40311314494645756,0.8948814778958722,0
0.3123341418138041,0.480125360911233,0.8948083462474924,1,0,0.5324924605733876,0.4849065245378525,0
0.3243590545338752,0.6484076130201347,0.9709010382108361,0,1,0.5483504161188824,0.3387724654173781,0
0.44980202094985683,0.6747195159619265,0.7330331779220298,0,0,0.8399003580722236,0.5332209964112653,0
0.9722420708724056,0.5652531139986241,0.5853735485056065,0,0,0.20520082517214458,0.6544761646369446,0
0.1965811991970248,0.3353209416828371,0.9726532202500522,0,0,0.621329912340506,0.9216964861301284,0
0.46048788860721857,0.456036985991882,0.5619730215347171,1,1,0.5476379988730847,0.3922925735998321,1
0.17193070321687728,0.5602391965030711,0.16316078590481503,1,0,0.06894644246355963,0.6893472070517392,1
0.7556881963073855,0.7467220717765163,0.1888339357399666,0,0,0.7209056488771718,0.615876112365094,0
0.8648066460617925,0.6389074236692628,0.8103572294761942,1,0,0.6442824117480492,0.7373233152317371,0
0.3421250140013757,0.9179684893974742,0.6876650886015059,0,1,0.024347768531600127,0.7652388442361455,1
0.4537398680459862,0.9098242215608775,0.44540434266538675,0,0,0.800753042728303,0.9301831148992068,0
0.15157878800089447,0.8573862122107441,0.2970196116366408,1,0,0.06615718954639005,0.5609166622563342,1
0.6080209592184173,0.764428343734863,0.16750023831569621,1,0,0.533540058304408,0.5641621242201309,0
0.4590265209801405,0.6847430570226256,0.7158224488921692,1,1,0.2137277671559755,0.9659047356494757,1
0.81094986233896,0.07813946009313051,0.8573836544304686,0,0,0.9254079033701501,0.8338357295551928,0
0.9372856170575364,0.6516722998658685,0.0753509464807269,0,0,0.4512958637169038,0.6974639313373998,0
0.6031782302145636,0.1264835527021216,0.848023956856049,0,1,0.26055250441737404,0.30987911330140067,0
0.9264061283330675,0.21451842395090798,0.8238050397768818,1,0,0.2666090886933888,0.01849127686428842,0
0.375539333253301,0.33781789306785237,0.9860757007280252,0,1,0.6728613204341611,0.9269572559675532,0
0.9297917919145469,0.1692372413733692,0.18376847420301445,0,0,0.3589807540778761,0.5581588746364441,0
0.11175461778698058,0.5793897225450176,0.850808895543445,1,0,0.11189971501187848,0.5687856800235274,0
0.641934574738069,0.7602965411336065,0.03415324965243595,1,0,0.20700928735687316,0.0045430214566847815,0
0.1763088919823292,0.4877309894949633,0.08320771040414425,1,0,0.37178425915574514,0.444419386754842,1
0.2602966099979894,0.5526020757138107,0.4585617377548974,0,0,0.8197940943125476,0.5674480601041652,0
0.4622698146906559,0.8350756943305778,0.7509004798407564,0,0,0.5722535385230677,0.6549104391095482,0
0.5611266382544652,0.8538630236394036,0.04218217824096468,1,0,0.9557894448397269,0.7363729571273183,0
0.933367656080901,0.8015767270692948,0.793623568420287,0,0,0.002039390028454724,0.9567135987305817,0
0.2729594830693658,0.4512247951465712,0.017515092392864792,0,0,0.3146929735257078,0.4839166000610264,1
0.494744017035043,0.4982764762016193,0.782665705885791,1,0,0.5078308912779355,0.7267358614439101,1
0.7705482031293629,0.4680332578507946,0.0867095840233279,0,0,0.8952371352950985,0.7473185319461966,0
0.4021705120471593,0.22255906348350607,0.7337256854132808,0,0,0.8438199580187382,0.9116587210965339,1
0.01813676706632213,0.08018681167531426,0.6316458466054885,0,0,0.7909884097975534,0.337682641669712,1
0.1329895897749277,0.019523291177207296,0.41487785733107946,0,0,0.3462621290212702,0.1957495233512223,1
0.15314018333925225,0.4971874790128763,0.28921377315346314,0,0,0.09243782575116098,0.8426316595112979,1
0.054867628458298574,0.8678488548407618,0.07466068890464281,0,1,0.9207694414146546,0.3792962063319854,1
0.8671180488734412,0.7825017101661884,0.7726684969530158,1,0,0.6273031911508106,0.47660980082562904,0
0.604430833351888,0.22175849235986067,0.47015342725355824,0,0,0.03191093673045222,0.9167440204430661,0
0.8847068629084542,0.407438300654767,0.6445415692970773,0,0,0.7226470549531471,0.11372039348560631,0
0.7498986626912292,0.8065447239336568,0.7976784705944121,0,0,0.03572432073529468,0.8140595242525865,0
0.6226190327976656,0.9605639131273395,0.6299991757928263,0,0,0.4029024258163104,0.7031967388892879,0
0.5979835523924261,0.576005470125648,0.10851479423385986,0,1,0.5826610059250779,0.17442212374811783,0
0.5150942638754902,0.6231473209473342,0.6701266920092194,0,1,0.4166395443254263,0.7067206070095766,0
0.3570624339691544,0.8515136321892621,0.989606717399672,0,0,0.739583147394591,0.8724792766968452,0
0.6829154070423501,0.20898995658030173,0.6521871541884855,0,0,0.27735148511494373,0.3062022636964142,0
0.6747248891066745,0.547517469953,0.3948751584967442,0,0,0.061217907159265436,0.4877795469432343,0
0.30427309864366003,0.38926899854417857,0.4823469384153933,0,0,0.46619186189959566,0.2003239207769385,1
0.3873785105672558,0.23733314112745804,0.23932134584081247,0,0,0.07861883878982888,0.41282305423308147,1
0.42663429662688657,0.6064717222255249,0.7613615991901306,0,1,0.30802925218824584,0.6018324227157914,0
0.5600897166647443,0.44238099707623363,0.7056095052588336,0,0,0.1664690529135079,0.20173928439959832,0
0.47210120366018904,0.806935421473187,0.6166903899590794,0,0,0.30441600526848944,0.833487334353199,0
0.7829516322752526,0.3160307026998948,0.4314752739621155,0,0,0.02484642393889077,0.40156904879073724,0
0.8637940814388626,0.12020330092900312,0.6437433794163543,0,0,0.8469671650213387,0.34745951258913504,0
0.7420218000943513,0.458649431455599,0.8555237578893117,0,0,0.04300657624063317,0.18756950959042212,0
0.4053521962452696,0.12324725509840169,0.8123173765937466,0,0,0.864348946212282,0.524792027160043,0
0.9813951891975782,0.08518037520031808,0.8241784653797748,0,0,0.24343856478843384,0.6351950007614287,0
0.19376497977899337,0.04271353825608352,0.8868075452864213,0,1,0.8238104259159401,0.4361925192323994,0
0.6794993838283566,0.8505296345329664,0.3336137647802852,0,0,0.6954083939916367,0.17636283036286426,0
0.0885129808156299,0.8638583854524556,0.999429120360466,0,1,0.7130653179528595,0.595544527173975,0
0.6769063348849031,0.6716702744863715,0.42604210633206574,1,1,0.07863674504821694,0.5063235888519042,1
0.39590253697095545,0.7457903481970054,0.9402437488793086,0,0,0.26290597793972154,0.8434614796643292,0
0.028118706822267688,0.20379414868092785,0.19845279934618565,0,0,0.3502834508309378,0.9997395519091814,1
0.4976066156573054,0.8599740353850397,0.26306683495760314,0,0,0.4167222292239433,0.3119448086096192,0
0.9295833837785639,0.4511850894016188,0.36866364299872956,0,0,0.6367041832175998,0.1208577424705185,0
0.968598375945414,0.41277690023128577,0.9634898132716242,0,0,0.5951136644299789,0.19180208825190753,0
0.6592653967443193,0.5711551160138982,0.4416946311283853,0,0,0.5662438981829431,0.05331023903673793,0
0.37522087029526946,0.8078781392763993,0.3923553390136138,0,0,0.8151575104760542,0.29186901011746486,0
0.6945420061757783,0.05528880573313136,0.7772689786640831,0,1,0.6141670744643467,0.5756038503123049,1
0.2274444279065853,0.7805911097476348,0.6164614734465473,0,0,0.7610704490380826,0.49054330003599517,0
0.31373620849878503,0.37326301762523195,0.962810655722474,0,0,0.7914718178492347,0.1749554733218024,0
0.09478376306068681,0.7750699313390068,0.1094693608083266,0,0,0.03453043926082339,0.30901013464619614,0
0.5397748592110146,0.40716028263679627,0.4675412033932876,1,0,0.23852500015572306,0.9942547787948681,1
0.5568637072757523,0.023168570988095685,0.6871532748609765,0,0,0.9319502942959738,0.613887635522532,0
0.6202382820438803,0.9780958205639912,0.8955602370904493,1,0,0.4732768034554652,0.9928941112630025,0
0.6567483384458828,0.7255545490176633,0.5250253580243051,0,0,0.08143938618756835,0.40654535426514987,0
0.9894580572737632,0.19847957054846974,0.8603396797462121,0,1,0.601563268506852,0.4304025354695064,0
0.7618744423273169,0.7948625803932886,0.019654441417391436,0,0,0.7937373221480378,0.7872130566083748,0
0.975320730103224,0.48202543721645424,0.3946980743217367,1,0,0.5161646339910053,0.8321001125361605,1
0.7783992943022923,0.19047018466366528,0.5890611271011956,0,0,0.03936782546245231,0.555325250825347,0
0.1674701375501978,0.8286930464242879,0.8488170602913391,0,0,0.2248301599471716,0.2896982975512185,0
0.011495914369354987,0.9776291270910388,0.29238513269205535,0,0,0.1402381813360255,0.1609321081154963,0
0.05036443564113138,0.66718867304358,0.7654381607405749,0,0,0.9544411846775575,0.5758432560934357,0
0.8544408561300977,0.4606088556521313,0.2244144485721655,0,0,0.46956548718883445,0.8110530539397467,0
0.32172844490736346,0.23419091865189365,0.4520619291201199,0,0,0.7840715821582562,0.3180085218008662,1
0.479431734862184,0.9432698016430318,0.004780511111718465,1,0,0.6174019445323362,0.07490081236906565,1
0.38416943496285316,0.5909212883197205,0.28652797609014813,0,0,0.35141218830313625,0.3042042077660811,0
0.43112079003951614,0.9906465021928702,0.6647284789819982,0,0,0.05476219663309757,0.06066856525318709,0
0.3594630334706606,0.7357254229304557,0.2745884658203164,0,0,0.08503877671864406,0.2485611880549416,0
0.41060486722712214,0.8213929414177376,0.11534188498977505,0,0,0.8461159497332308,0.36228725233680287,0
0.9418410262549264,0.7730371955514269,0.11693911435977915,1,0,0.3724642247017257,0.7831042956197434,0
0.6064188602219701,0.30513197278193,0.2984897426403032,0,0,0.09032287665848861,0.22530558655083022,0
0.7690971404694094,0.643239242615175,0.18004245377770825,0,0,0.24446333347724597,0.5942850605143537,0
0.1908397973134963,0.4342288682971422,0.07297189011768151,0,0,0.4925687092867503,0.6043724678084663,1
0.4922982740073096,0.8254836716038736,0.10896342397980492,0,0,0.3197216884351793,0.5119532019016215,0
0.7564519459404138,0.10635812089654785,0.3453965089121366,0,0,0.3035435045767176,0.3408024441104562,0
0.21785434632783102,0.7557107024425403,0.3516585256975699,0,0,0.530093325634346,0.07371572581879854,0
0.2983059553952409,0.180670759319252,0.4307216639061903,0,0,0.0464549471196014,0.03080903315550121,0
0.7661999027923254,0.1779356166253801,0.11347613603108495,0,0,0.8510746719755031,0.3251462177906546,0
0.4977343469378628,0.9005801782245777,0.9079846084370762,0,0,0.7726289617816202,0.8772176391541804,0
0.9734434316657233,0.950128006561158,0.6415079816777335,1,0,0.22905817316974514,0.9973740424285333,0
0.17352276849497672,0.3808684514616491,0.004388154972765185,0,1,0.4067314875576352,0.8345068555957575,1
0.17857812267301582,0.33340065442879263,0.8352435933510263,0,1,0.9317730772949134,0.16408216363294803,0
0.33184810054961744,0.2807615087192678,0.6190501870875107,0,0,0.08265121984593074,0.09014472448617655,1
0.6092663166907735,0.7632516317357823,0.2166330071360539,0,0,0.5411059754419659,0.4410298699719815,0
0.3851718723735498,0.6854184790420973,0.04392015359780547,0,0,0.0384910003655965,0.4315609239063464,0
0.8343223627790607,0.4684805423448597,0.9827382294781382,0,0,0.9686756636649672,0.542069217023222,0
0.3959048427392179,0.3757421938386092,0.22285753986425794,1,0,0.09788700006901538,0.17079333055317586,1
0.19603929008533214,0.7483863547698848,0.4595391776713043,0,0,0.04282522511964037,0.5448130951739163,0
0.6045343766861654,0.5511864328867888,0.12299659659639155,1,1,0.5863472313939903,0.26548662432129183,1
0.15770284179618815,0.2719674306815179,0.40050561742815277,0,0,0.4915092425037281,0.10037674692497495,1
0.3938385920981618,0.7168151541251337,0.01584536103242208,1,1,0.22769207567871536,0.7285330930119445,1
0.5553616108856245,0.050204310622246964,0.16777057125948394,1,1,0.19262288560694574,0.7086282832614561,1
0.4002832411781985,0.49176154075173284,0.39897059902428217,0,0,0.4226502781983504,0.04322362186008255,1
0.9116291265539043,0.26123086514503646,0.7189872027809219,0,0,0.36278822265981514,0.013772281219714577,0
0.4777775265378396,0.2826144781878307,0.8515967608533351,0,0,0.17055286309894666,0.0810832859138454,0
0.4888647065173391,0.17394252544693126,0.442899156233782,1,0,0.12021354578817474,0.038610154974351774,1
0.1827157886906305,0.8985021733211546,0.1909952579546367,0,0,0.8722389069557588,0.7006563686480827,0
0.5100285704316497,0.6547000431252503,0.7740457590774372,0,0,0.07340959644581867,0.7829251267605215,0
0.7663052424522351,0.9608862321655147,0.9428650903213026,0,0,0.3721466095161375,0.5200237406854054,0
0.06894407329976991,0.3390772466883098,0.950867922501773,0,0,0.0038679795371734296,0.14262695092300437,0
0.5205760894368379,0.39047866972749096,0.3055743657423212,0,0,0.567115723049283,0.7375580584860086,0
0.042543875349887676,0.1199697060745875,0.26721372017403694,0,0,0.4251744353080387,0.3391021472225502,1
0.1310933958673987,0.4239573839618606,0.3571977740686585,1,1,0.7754473858499483,0.9741172822793775,1
0.8321295492043741,0.9565055696701792,0.9680277575922394,0,0,0.8463843061687185,0.25607469517887943,0
0.9918144549120892,0.36587920618176273,0.2661645689370117,1,0,0.4954607870665388,0.925123109549028,1
0.72385042390357,0.9517092830758301,0.976483418570945,0,0,0.9938013239971658,0.5147334200305327,0
0.4523507497647202,0.744430168966336,0.6617659069431234,1,0,0.03000164189258848,0.16221113406907461,1
0.08097267541587633,0.2599151995751358,0.6752074526217531,0,0,0.2982412325768412,0.11136239153008992,1
0.231368020695736,0.15126262038631694,0.15336742153866192,0,0,0.3172419797930817,0.10032331773504155,1
0.8525586212990448,0.1671392257731158,0.7354145463980782,0,0,0.33028309870805045,0.8664575927534852,0
0.3305804857167344,0.3843718369480437,0.4424427644190154,0,0,0.7204975044194042,0.28605300623124824,1
0.5696796808958592,0.7772951842339278,0.007033767168181848,0,0,0.868092412971823,0.28454439031565076,0
0.8285463995355916,0.3915552307233872,0.2624824467250764,0,0,0.9266839448954453,0.8341960248118812,0
0.2438490985030294,0.6374597635983253,0.25081820638005703,1,1,0.15542202528558832,0.5001766813438704,1
0.3547393355930169,0.32031033024651123,0.19414972377316772,0,0,0.686432603242635,0.0763348195016898,0
0.862631783103919,0.7795423912533533,0.16033210449289442,0,0,0.5885398447911526,0.3220591652838943,0
0.8547991344571302,0.883575659572354,0.1874763770684748,0,0,0.28772500053588856,0.19812832849980416,0
0.5120446000229278,0.11774340153263929,0.3616197035222173,0,0,0.6547428822089009,0.08378612154278253,0
0.013792462044157789,0.36008501052213426,0.09302985340491549,1,0,0.9041468865442901,0.022896822526272065,1
0.5077971283067556,0.8332880354689027,0.3396263515734688,0,1,0.5498399731646353,0.12624001699537207,0
0.5145299098492514,0.5532632060179222,0.08973492499673483,1,0,0.04509806439716777,0.10065338057240475,0
0.028964430079489723,0.9075826221000712,0.41579333774503985,1,0,0.050699571406725256,0.5694930134691139,1
0.8756567672657835,0.9048408758788252,0.39404818727470314,0,0,0.8898185932318294,0.2699297560885046,0
0.016581577843769096,0.3364736481705177,0.48571082390175424,0,0,0.4482900473175975,0.1873508343389188,1
0.6267826355668757,0.16106644885577104,0.413342600748463,0,0,0.9531838174492214,0.5031809579291977,0
0.9553149011429865,0.7548356042941731,0.5128966073315644,0,0,0.5651190983386543,0.13858870108350102,0
0.3316718832660739,0.7036224126413295,0.29463594783221286,0,0,0.8778394407632015,0.28796900166501865,0
0.0217559065955003,0.02501803459173465,0.2106179102706028,0,0,0.4345408432830787,0.2772390114020485,1
0.3476801774356306,0.49322479954163156,0.6166475527444013,0,0,0.6319322506229373,0.673644548112514,1
0.9703488001116078,0.5156696667854641,0.9218701445926524,1,0,0.09692278524518809,0.9419153599821468,0
0.3400852722132425,0.7605467824962361,0.2695174562746596,0,0,0.6031693308017672,0.8435840433157717,0
0.422100250774138,0.9052463009237809,0.3231166740262973,0,1,0.21267950866530413,0.36115322731639715,1
0.9133834301657543,0.05657927246031731,0.23554994778655622,0,0,0.9953880453413341,0.20831121925641222,0
0.7523902231822395,0.5193195315280488,0.22085020498570007,1,0,0.02657719819514122,0.7860022497341805,0
0.6246334064255552,0.6281487916052575,0.03050893615258306,1,0,0.5549443519960084,0.4976817694687479,0
0.6071970320153266,0.4814755941564714,0.8155627740922878,0,1,0.3718511278449145,0.009028848306705084,0
0.47562368484268674,0.5191282938663284,0.9004787601230152,0,1,0.7517957105864874,0.9902474500202787,0
0.8493296280576486,0.974808974626087,0.5814100016658512,1,1,0.6311759484982067,0.8468929543006032,1
0.8800794952479468,0.151268887985351,0.9572367229927246,0,0,0.7011636103709714,0.3487778837602396,0
0.05125326568555296,0.22670662725384275,0.07504722531517106,0,0,0.8402133606721127,0.9463756503002743,1
0.012288808192517665,0.045436222549913446,0.7796755701017447,0,0,0.27757605612885783,0.9262138476554433,1
0.11243429307291249,0.7997794789069823,0.6192054222028436,1,0,0.7987005411165256,0.8007551499723817,1
0.4789232758740033,0.8786853839523483,0.36207059769571537,1,0,0.5476576396179412,0.6670621448099716,1
0.7619514821931619,0.8044397370224069,0.830929899931199,0,0,0.2665885216994096,0.7505802518599531,0
0.13668116597331167,0.13171830138008972,0.8068139737094817,0,0,0.04512869466649861,0.5411297709014078,0
0.2566846140152538,0.02885716653362858,0.7564010450418057,0,0,0.839746718698568,0.7226823831798332,1
0.8749317576411387,0.6050383434639947,0.9777259859788651,0,0,0.90808011592162,0.6156863645352622,0
0.7858756398687342,0.8537792145864563,0.5706815343840531,1,0,0.25254583494396604,0.28476693406855064,0
0.8864952091121103,0.7149003641721585,0.09973651678942602,0,0,0.8118034016398066,0.8230373452669215,0
0.2773980610994324,0.8308895137809114,0.04341534602453827,0,0,0.44394280691564475,0.19132610673171385,0
0.8042742069289727,0.43328734028714083,0.6045069827877024,0,0,0.06963650393678966,0.13562148782875744,0
0.06006175824850908,0.16912911157209526,0.28025600605112255,0,1,0.4472577793913338,0.7624375687046938,1
0.6090424525003071,0.9105906613120021,0.875362338450452,1,0,0.7825270872544065,0.6034210524485599,0
0.8441358058751012,0.045060418167191536,0.5492411198286499,0,0,0.18112813590236898,0.40707248154910863,0
0.23420650083282704,0.7861194303771092,0.7971526057758463,0,0,0.19192462634655685,0.5113690759961249,0
0.0822164078550359,0.2286588136916494,0.45820700662678443,0,0,0.9323293924895101,0.9125278987789129,1
0.7466049975830946,0.2670600103140695,0.048485049253804174,0,0,0.08052905771661424,0.8539854786702934,0
0.6380894285781432,0.37026899782623895,0.9299903558014724,0,0,0.463353328880207,0.08880971112898339,0
0.0666872982855793,0.5333232270642563,0.6138311480990667,0,0,0.8599160103376694,0.057872955569960916,0
0.9639741734006757,0.8810453446149394,0.37376873538724764,1,0,0.9181815205388073,0.6452154900582032,0
0.2563322430542565,0.24067461472534538,0.3334064831200796,1,0,0.4827594763743029,0.43418358329650125,1
0.2823855483494664,0.3574104377269729,0.9962888750732852,0,0,0.8840302401542172,0.2208524897141883,0
0.49048775022222624,0.4474654455492046,0.9597643445680896,0,0,0.11545237232768299,0.5196113195848571,0
0.08624989678335812,0.24373248420194105,0.5688603865392002,0,0,0.48563824327988697,0.01569856029745076,1
0.4874996355155762,0.8340167026642991,0.5740224039489632,1,1,0.7171687915068294,0.5228183678713523,1
0.8180516929401066,0.9105584842633895,0.7448059274263115,0,0,0.33511966712526314,0.6529751579196708,0
0.5648066509067126,0.5917108445604805,0.15142270358393833,0,0,0.031119479649453417,0.9554529638693494,0
0.18013799184048696,0.25058345697160306,0.24063272038515474,0,1,0.15196164161048836,0.0989695578015456,1
0.6721008163505711,0.011440939503601663,0.6861142511124471,0,0,0.8337870736342459,0.11004651814185196,0
0.1385432153187835,0.14186285904331855,0.43393752859356316,1,0,0.526151645534281,0.7238597746433726,1
0.32134986903231716,0.7246063500208595,0.49723081395245544,1,0,0.26676924739656405,0.9043211122046859,1
0.5326435123501915,0.1842518757938572,0.232341826639113,0,0,0.4352802653563676,0.6521501019840872,0
0.5270132622096765,0.8657224454499068,0.11897643281402846,0,0,0.5794200354125866,0.8101001350003914,0
0.48959006480483386,0.025650501947845104,0.9364413897389644,0,0,0.014376992934208055,0.9631243270992575,0
0.9499115796784532,0.33910609278970333,0.27105383323598226,0,0,0.2589664323995265,0.27244731818312434,0
0.48050552262260404,0.012241894570950498,0.8996021891140005,0,0,0.27819249126936024,0.20710680145428784,0
0.7213301127089972,0.1361461387072713,0.7762678804229407,0,0,0.8684869954169235,0.9378619608994578,0
0.49920048758249586,0.9856310757818403,0.0641866124843056,0,0,0.06475065726709867,0.1997595420867636,0
0.49630731851198673,0.7504849988666537,0.6612374118826148,1,0,0.5572836180770637,0.6900353608588465,1
0.5932256441032684,0.39318839012418344,0.1835643499283212,1,0,0.20445698159428966,0.4209537259744322,1
0.6168038178037545,0.3005703030524629,0.2576421320443352,0,0,0.9148122173506869,0.9563310878378593,0
0.28916548567297856,0.08561264463942019,0.35107109255635655,1,0,0.3046794749326574,0.7452641537662996,1
0.8791573687419378,0.5864190047852624,0.34594674967453015,0,0,0.774210026390598,0.3678686077917684,0
0.4548117890761136,0.18772226347258206,0.04439617133120088,1,1,0.6437532510402468,0.3153013338870562,1
0.973788409547886,0.3687106615705136,0.22818721838916672,0,0,0.5120009509364737,0.4828614794898219,0
0.12678104098340717,0.06548737735434956,0.9375365823551699,0,0,0.09378986795684906,0.20870880362787053,0
0.132435711828602,0.989445767649812,0.014614091315248243,0,0,0.6477025249250166,0.8724377224106945,0
0.6034038940616301,0.26346073037450063,0.27797101041393724,0,0,0.5850670061397627,0.9270439703918356,0
0.9016708996435232,0.1286776576283728,0.8808767026979633,0,0,0.36220147985947576,0.9143374909904785,0
0.24189900578639223,0.2733233884777877,0.08374010080734426,0,0,0.844830651078733,0.781365556559271,1
0.10231047121602967,0.035935172636931384,0.7012781596425692,0,0,0.7621157207906489,0.07434599915835377,1
0.06182886661052604,0.15798863541552463,0.47829734026321913,0,0,0.7741680728872933,0.44343319412289944,1
0.8993433392349672,0.7675839312182993,0.2925712386298872,0,0,0.43910945936045503,0.5621225636977933,0
0.8641583721840086,0.7418847184500057,0.4133722582375429,0,0,0.8322554339784085,0.1212901446840628,0
0.22119972078309152,0.11107695206230961,0.33352836640858496,0,0,0.48721757733174303,0.028302404012935878,1
0.1648718141245618,0.4218061738719178,0.05846259343938976,0,0,0.8974321831290181,0.6503406283660895,1
0.7445811417983299,0.1627510046844753,0.09263713848375003,1,0,0.6422071952914709,0.1250561959519772,1
0.7362638351368291,0.5593551456238469,0.8006792387016535,1,0,0.05820108214304139,0.3703496919546893,0
0.27452825444923734,0.6730513138542125,0.35606285609843163,0,0,0.5229654847100195,0.04334386319303718,0
0.19713255029593293,0.8048942287572957,0.766962150458281,1,0,0.8397463290964571,0.40844368284432525,1
0.6428655818544693,0.4156563059697929,0.9292319033525019,0,1,0.15846130956372476,0.23346348379295173,0
0.5292137792526773,0.4115978935197116,0.8545272833528846,0,0,0.7209169661973958,0.41940163418294435,0
0.1736160708985626,0.6266187475470981,0.7379201175805139,0,1,0.3809540724324315,0.7572868689013117,1
0.3236984939977599,0.22838124218787187,0.9543917731920142,1,0,0.6704282269698999,0.6510644587854804,0
0.3294030741975542,0.5079529288154412,0.7226787366375266,1,1,0.11789440773326161,0.6429520453119393,1
0.9118810828181477,0.6865229656601797,0.17189203138856948,0,0,0.21099650060334996,0.18246057486144895,0
0.15453077683902555,0.07095252914170123,0.8390435727099901,0,0,0.5658913158290265,0.25293504375825443,0
0.2965913528812911,0.48775990214353987,0.9185020451632468,1,0,0.19413116776318615,0.644458497976226,0
0.6184369858523714,0.5200257894588091,0.8829159986784262,0,0,0.6212132575215491,0.3701658522223689,0
0.029314721146693288,0.13062086204381787,0.3108980375921472,0,0,0.07878492318112908,0.7693763440745256,1
0.18619634022132522,0.5754170900063336,0.528932171962683,0,0,0.34339176222771717,0.623540581024556,0
0.4962578308750738,0.925809564136081,0.7646288446602102,0,1,0.9358816343805353,0.6574485715338803,1
0.2513140866493575,0.3809132885259052,0.8863626725909315,0,0,0.40129162721266054,0.7691315543903752,0
0.4208976805574399,0.4671950342928165,0.32124066066884305,0,0,0.6904529828057332,0.4691511938244774,1
0.7316521168880057,0.34019307623843636,0.9291466810237741,0,1,0.9424971399378513,0.280882445827393,0
0.3073853392619186,0.17097304131641908,0.31822711913005136,0,0,0.8644252236209913,0.4203434223827835,1
0.30427926921426224,0.04548797690520622,0.6150325358418572,0,0,0.41224478150167826,0.2521570745083576,1
0.7365797921513265,0.8498064099551527,0.2035638652817052,0,0,0.7133351606807984,0.47339452276365496,0
0.6791412195585913,0.4348686099359621,0.69838835940121,0,0,0.30938716627635393,0.8878942851432943,0
0.9565922048741767,0.2539463983694773,0.04447144309369331,1,0,0.7347208157501901,0.43636119271075186,1
0.4575066280900264,0.35626352038940623,0.4231716527526568,0,0,0.9513269243945315,0.9410976018138848,1
0.2471935657782202,0.9788676079978821,0.16197380040255507,0,0,0.5824243475141857,0.40387870726398784,0
0.4012607365423688,0.6500890180505303,0.8205192938850766,0,1,0.542584263880214,0.07653821882469047,0
0.3912723695147917,0.546843768144275,0.43795748283673164,0,0,0.16218497005177435,0.9604684268933688,0
0.8138113196845412,0.7038875053558542,0.41156383720086653,0,1,0.6976759356199981,0.9506030216659096,0
0.3134476480032418,0.5653601081330052,0.38294592652681764,0,0,0.2625595264943317,0.021498175441599487,0
0.8670523490867307,0.11955801483027814,0.6942120024620523,0,0,0.9197034769043092,0.587318172279953,0
0.60194650032857,0.7949103770154905,0.4599620372458618,0,0,0.516377381530421,0.20102736192225418,0
0.27682085719312616,0.6943678712918304,0.4342342766456903,0,0,0.4837335796701739,0.12575730812990638,0
0.4332441113009311,0.8386892074884529,0.06406767985759414,1,0,0.20540177472689983,0.7027219822341901,1
0.31640469881297445,0.31714989269789184,0.47318652428388636,0,0,0.11914954261133272,0.28514792795990634,1
0.7016028709524644,0.8001934614747329,0.22441813145194492,0,1,0.3020846932462799,0.8989105087113389,0
0.43427986264083956,0.9462736501431153,0.16594282596210722,0,0,0.35696058154750265,0.4322900596069564,0
0.3143460120821856,0.019304465688860573,0.48927388742559935,0,1,0.5175531886939415,0.6803346908564729,1
0.28541048211298176,0.0330432681984549,0.20955946996821417,0,0,0.9670182060517736,0.8793397836136021,1
0.4171732821916025,0.3283982081238951,0.23693208512655592,0,0,0.39255514678787823,0.4154033674800344,1
0.8554967902873045,0.5307027796480484,0.4503895023579037,0,0,0.5005357496729823,0.32851822954695115,0
0.3590564890699892,0.038677312575486414,0.38844052281900165,0,1,0.368214731688622,0.37753287477589675,1
0.43569955163557106,0.6352612980057513,0.2901769725906442,0,0,0.2525425805298327,0.9344021445507305,0
0.20043073617600288,0.945578248416503,0.8508525840069819,0,0,0.9783627080370739,0.024228070477516073,0
0.010644099456585737,0.17168966511690897,0.4706057366240044,0,0,0.4314017016284193,0.10460626319325977,1
0.831349561282879,0.5214013313133226,0.689838250648771,0,0,0.07474017460994355,0.4491871488714932,0
0.7549535882016838,0.5338842711880403,0.18389803562587206,0,0,0.42441476386990146,0.4052698062110161,0
0.3419300269152665,0.5530604277215939,0.511649741124425,1,0,0.843345820735323,0.06556919923839793,1
0.9524331347140456,0.39813331124184126,0.2567761261567976,1,0,0.24358595319981888,0.7137636119901172,1
0.909679379846684,0.6950612447509507,0.1591633017087018,0,0,0.6171347872633407,0.49720367285268113,0
0.3689607411956319,0.422288341687022,0.7643317349827069,0,0,0.4818631840559479,0.7879852349056764,1
0.2249274102987173,0.29542020566592014,0.3526306768936945,0,0,0.8775682677008088,0.7095899490594983,1
0.640729428273596,0.38519367720313147,0.02626487203008916,0,0,0.780524467118663,0.45974984257485757,0
0.31812132440843466,0.4426007940037178,0.16492340479303597,0,0,0.1866250239247591,0.5957396249669029,1
0.9016826842326747,0.6165945403167257,0.360364900170947,1,0,0.9794017973396939,0.8420924038182798,0
0.3657926116720137,0.6035679710975149,0.7898965322922821,1,0,0.6650310196564551,0.6032833405658047,1
0.7426201490258644,0.19465366017710373,0.8626969876556808,0,0,0.2965735976060516,0.6786964563804956,0
0.37224832829436383,0.39621019795260076,0.5077406979313452,0,0,0.0902137753024118,0.2589821031010017,1
0.4825535344485626,0.2171968271483708,0.9837407178398283,1,1,0.44714044307585044,0.2387913053856181,1
0.21918019922796322,0.3977590297983335,0.5652665481964774,0,0,0.18422094422205312,0.21299197461840208,1
0.9399032114625607,0.8515655131285669,0.34746284954816065,0,0,0.3773990671474543,0.2756672453288452,0
0.2432745641359036,0.3464062272163604,0.11984617896313919,0,0,0.6741198608408561,0.25325593033319366,1
0.4755811708442819,0.7931179908029145,0.949658960087352,0,0,0.3353235923668819,0.39464630260627914,0
0.6605782246341027,0.1934894529818178,0.5385096145018036,0,0,0.4108046271787956,0.1612095950881589,0
0.5273924156598776,0.3558534233956148,0.23626099712872076,0,0,0.2742832230168947,0.2505949008619635,0
0.8167722832262783,0.5097082659527623,0.9682883772779318,0,0,0.9018149851299103,0.8286923328998461,0
0.21984221012818583,0.1159054524435682,0.6946567544400973,1,1,0.9966026492229116,0.2300927415414662,1
0.13621631103125226,0.4526372179438263,0.3159253988434909,1,1,0.8502231637712935,0.07727983601796834,1
0.3211453904299069,0.6497363891140923,0.4167223512864909,0,0,0.556500307085772,0.20761000258381557,0
0.1922127471769752,0.6331696083679141,0.657506901858995,1,0,0.4424888910458442,0.5195680613718088,1
0.998993922376851,0.4288741724345277,0.38106158335603274,0,0,0.03385440744691539,0.5234471584203206,0
0.581548490564792,0.9158417163681991,0.5228927327976146,0,0,0.059721850377496465,0.6448748038713754,0
0.404524028303022,0.8797482992220309,0.4444255129665869,0,0,0.9406236284646792,0.7106615630731197,0
0.004452888885701006,0.5168463943865641,0.9035068405552561,0,1,0.8209780388321366,0.7002731259096984,0
0.902111210916989,0.5472140805756844,0.13497657675478297,0,0,0.5620630924068594,0.12605488662361608,0
0.5706789145949428,0.7053300671734386,0.17501776902864186,0,1,0.8124844148549997,0.7121145515787302,0
0.3322009118763237,0.3134879184821579,0.5661259324157351,0,0,0.7276228772662727,0.4650331489443927,1
0.4310903436539154,0.4419211211560354,0.6424856384935769,0,0,0.6652892896027597,0.7991627912578902,1
0.1803748746484021,0.7356945386381215,0.24718720333673946,0,0,0.9801468694288032,0.4596135483544271,0
0.04324013893618039,0.43808826220300356,0.1793105589344497,0,0,0.7275790062042962,0.444894076875708,1
0.09336080119125638,0.1608360302567198,0.8645461292149477,0,0,0.8880128001079195,0.5286282993950708,0
0.4714069415255988,0.843556759861279,0.1695781856416639,0,0,0.06492540912599053,0.37549724292932835,0
0.8592290945844645,0.7876886993460416,0.30198485548369897,0,0,0.5815632151535218,0.5968306578269733,0
0.4587360674660596,0.1981416997435142,0.6301057249174097,0,0,0.21931114250548167,0.5473032932282882,1
0.9905663331658522,0.1263171823471046,0.23432712899943678,0,0,0.49351260764349353,0.02445557859325348,0
0.38766711175683205,0.9447537616924859,0.35020814846138104,0,0,0.9341264140794832,0.08553559933853155,0
0.7802043580359158,0.8208113141309155,0.5696310170215186,0,0,0.48431217898768014,0.1096333944050446,0
0.7899217693326772,0.8866482077107611,0.7788881829589404,1,0,0.9961423487488956,0.3810609235780998,0
0.7033665532248259,0.04462388493863421,0.6428730851051007,0,0,0.4679905173902838,0.565665481342811,0
0.31097936393664305,0.22581410400093274,0.001511080592596726,0,0,0.09341268227135424,0.017384093469916095,1
0.2803780784053519,0.880314593119845,0.30494841062038996,0,0,0.21716566428277007,0.5643732690961791,0
0.8984975691579086,0.9192025841044217,0.1607009257064312,0,0,0.28058614741643306,0.534578586217983,0
0.5882256474932621,0.8007012232529203,0.19446399133327352,0,0,0.7884400681977835,0.562888836302949,0
0.8987286473974374,0.9016924614389171,0.5363223780252201,0,0,0.5723449850926281,0.22573006352549846,0
0.7193893542283677,0.33882903522627034,0.3331155111373036,0,0,0.3692896645974962,0.7333616047208995,0
0.09153332553437014,0.7550138512478667,0.19098060933890373,0,0,0.09006296198744482,0.2855934716576121,0
0.40405456414373764,0.2687027270671956,0.5490060377706806,0,0,0.9400916584125099,0.035397455113961085,1
0.008241345316429186,0.6651069741809343,0.5904375923917018,0,0,0.5991345767154711,0.880335661319215,0
0.9489918990169549,0.49639908638143276,0.2908379634159446,0,0,0.7323778001471796,0.9398516442776434,0
0.7255545905017436,0.630328119600237,0.019715449317262417,0,0,0.7043229681938,0.42982058536278006,0
0.44394013536057536,0.9298985968008678,0.2685108749886596,1,0,0.46428197451468617,0.1532055240495761,1
0.8985096240526327,0.09001588471432574,0.599562146043749,0,0,0.8462074333275087,0.15732597535673193,0
0.3641146070214482,0.42968185135215536,0.9779194867153442,1,0,0.37730937836397,0.08931342642068696,0
0.2500356158051218,0.03865051242464187,0.22377384610579096,0,1,0.9654938193734528,0.05703689438355353,1
0.21426771147194104,0.7080348031204442,0.31779598488440863,0,0,0.2256221221828698,0.42405861665565864,0
0.3587332955746529,0.031950713825917534,0.2601828497562014,0,0,0.22980185910150713,0.5748473537456669,1
0.2988339981445292,0.10698698821395136,0.7819169762424273,1,0,0.9196188182006186,0.2382972151156712,1
0.347075116734104,0.022484559153543932,0.462360318057604,0,0,0.674555960590677,0.10039501368877563,1
0.6199292620417814,0.10718941689231831,0.6175240882984201,0,0,0.021772224005839624,0.022055345890269362,0
0.7359982842290774,0.40503166749461783,0.020884397196313863,1,0,0.17395503068855703,0.2049874467703015,1
0.9726968578883571,0.045820210410148665,0.3990679149038998,0,0,0.043903652538015786,0.39045516009268183,0
0.735268900394224,0.29925236499526886,0.4380383545969561,0,0,0.10753286065317054,0.13212188864597585,0
0.3344300025670676,0.49921604588783475,0.36244268802770135,0,0,0.7769099837429665,0.8888074855120229,1
0.4090043077628993,0.07506776498020346,0.21842077837203902,0,0,0.6635244010342649,0.5755460299639117,1
0.5871139876696726,0.7134754506797915,0.9348439979978153,0,0,0.4598808927203474,0.9479601190434133,0
0.17565779778944113,0.9673886331062649,0.22032798114317298,0,0,0.8403785616715658,0.567204870856274,0
0.6231091446020879,0.15787382197114305,0.184387300220693,0,0,0.5009004658993881,0.2741266295249816,0
0.857887284864314,0.5616275360901299,0.41957759200439826,0,1,0.7828836464422829,0.8625200527276577,0
0.048258528958468626,0.10157491520424183,0.1966456168295745,0,0,0.5178852011070568,0.5451444408466113,1
0.3939247956016073,0.20756663174859077,0.3403924746729874,1,0,0.2869123708791248,0.3742439313676373,1
0.8799495558572555,0.40319593748645244,0.4256828072826583,0,0,0.49241843880813185,0.43400127705380714,0
0.1323757015701273,0.22215499563272872,0.41392238466922054,0,0,0.1318323799291777,0.2959626319598733,1
0.026087764995512436,0.4129122963633994,0.5277151332182611,1,0,0.09983556720104869,0.1207341066772894,1
0.3119224621945519,0.6617041388678001,0.24595483571464172,0,0,0.1801563057822027,0.8657604580223843,0
0.02465884117425177,0.8880748223316302,0.01495348964234586,0,0,0.8374463018099713,0.7060165540757715,0
0.08802470050462104,0.7805324868031855,0.647184300628358,0,0,0.049756266601713485,0.6748196324941882,0
0.5972504863237735,0.8545653901056576,0.8389551019787563,0,0,0.9687649509782321,0.9567400249617921,0
0.14717225483035468,0.6692173281439512,0.7098831018261721,0,1,0.49339023688054434,0.7446969828570242,1
0.9359495659515689,0.7858833457063509,0.7731867223643778,0,0,0.9811561927397532,0.7634468382341812,0
0.8889286009883341,0.7092453245610258,0.9397515582981216,0,0,0.6922583211565729,0.9583492429230132,0
0.10657594501405714,0.9681991443915766,0.8850595298154252,0,1,0.7906168505109169,0.3577881817425798,0
0.5904441860577478,0.5809366208675163,0.03353294428942598,0,0,0.5824096360398792,0.8958804720518567,0
0.6504368746515393,0.6213123831474918,0.2956000961341926,0,1,0.9353906796292656,0.7698717464812856,0
0.44696140816665475,0.6298618976559899,0.3925541235090092,1,0,0.4139794114805899,0.4625409480589992,1
0.581726346466028,0.5202736162993727,0.8720612008637164,0,0,0.19578702561398198,0.682481530938051,0
0.09792347595339944,0.7085132877282564,0.9527665180205501,0,1,0.7551306324638374,0.5392658795270449,0
0.6664036130200691,0.7382061560750994,0.34051766027333336,0,0,0.0470611887722357,0.3011720276806859,0
0.5820457230696224,0.699433949293122,0.2643134004747314,1,0,0.11298384929408153,0.7000476584905337,0
0.09216443616222629,0.42169753510174035,0.6826228515408717,0,1,0.564326304086317,0.471948704036483,1
0.4973360384390071,0.7127792117428761,0.6014419594915674,0,0,0.7040558145600261,0.22500777413161038,0
0.0628343544621455,0.2114381187643222,0.22253172953447029,0,0,0.4884655486607202,0.9044030022129308,1
0.9453353005122883,0.49394589438833253,0.7428386906338363,1,0,0.764848059163826,0.738477878877499,1
0.9443182310145795,0.32900717852928363,0.45786030884747503,1,0,0.17820114369378634,0.03837243578026123,1
0.5811588176999846,0.576339882409097,0.6160956575056111,0,0,0.8847082579003402,0.2725435795262056,0
0.2894984598885786,0.6701904561211505,0.14754853247557131,1,0,0.782362019042265,0.22355556785876968,0
0.05666032692791401,0.2556237755479314,0.3826190407211122,0,0,0.2594606718933591,0.9583420678130457,1
0.361122259792077,0.14819600807866246,0.7971667623061628,0,0,0.17832525303809868,0.9167345662612647,1
0.9968190969991856,0.7007372772325107,0.7975133742402432,0,0,0.07000378475889381,0.6767600745526587,0
0.10760818308904856,0.23178767105351172,0.1311807542477947,0,1,0.6114895969501285,0.21565812223450187,1
0.5834482052878271,0.4091952159630375,0.8178876333156136,1,0,0.031205275682927424,0.1427419716501927,0
0.6870052124754353,0.4718691972009569,0.055958206714893786,0,0,0.4435466212864245,0.3436161507058338,0
0.5089611120245514,0.1780807956380911,0.7593425854025954,1,0,0.3019554835322872,0.37751310378745134,1
0.907538031510699,0.8789906245150382,0.6429656669596013,1,0,0.6424148950060474,0.08279857015137154,0
0.9249585100983941,0.1813933906828362,0.22817519084280258,1,0,0.7573826409327721,0.445863059730456,1
0.8039601504328294,0.9303491823225264,0.5655465631449067,1,0,0.13396991330394806,0.30759324191139165,0
0.5022818158798813,0.9566776262296068,0.49484007840322075,0,0,0.19048325679542785,0.5891432348513066,0
0.7392408636234126,0.8637873805145401,0.6743203126553728,0,0,0.6196306629466571,0.8770675213405554,0
0.6567832464208911,0.8804519798294312,0.9624351008432372,0,0,0.11105741530629777,0.41421961405667,0
0.30340060009876657,0.7847031923369379,0.5680645274625243,1,1,0.7941872795194818,0.673686980206087,1
0.7201626030731028,0.1510210128510864,0.2171424713689946,0,0,0.9435879209104392,0.7202557879428686,0
0.13794892824663085,0.9566287547433979,0.7074982852889318,1,0,0.33982457828352447,0.7898362717109892,1
0.924709058681778,0.15496254658391415,0.23451489873294307,1,0,0.7542517555731825,0.4893757094220879,1
0.5409930037434356,0.5745130444319754,0.04898745495227671,0,0,0.7606643006836955,0.013110627159956756,0
0.49361749757994006,0.22112994208342954,0.6156628315568725,0,1,0.14990925440160874,0.04616945452801541,1
0.5318186170957453,0.17539222984916214,0.931374986989013,0,0,0.15532689443669379,0.5580943270426855,0
0.2185836393033448,0.5492124795390255,0.6913530952016186,0,1,0.8356262964957522,0.8706727784441755,1
0.8671858254312543,0.06839213850889128,0.6317039139678287,0,0,0.3583458967180117,0.7426334851682201,0
0.425134494343476,0.06060725894381188,0.6871348562909297,0,0,0.038028632157271085,0.24924303155889627,1
0.7232580787654952,0.34199226986527587,0.15999242158491742,1,0,0.2360358284322166,0.889938298448703,1
0.0576372117601049,0.7091428400933275,0.9261319607980651,0,0,0.6353845093953217,0.09740434682820404,0
0.8903156869375553,0.46882123148431315,0.6105532997703321,0,0,0.9354291954990496,0.14429088084906694,0
0.02978619636614175,0.5589990658425443,0.38904656888945177,1,0,0.772014886343116,0.048846043668572814,1
0.6873085136332975,0.007665050061913408,0.1155036805494362,0,0,0.5443027710702119,0.8915284762033804,0
0.15040891361324282,0.13268747460283484,0.6153930191287915,0,0,0.06939214535229746,0.25781575712504073,1
0.13984033517526992,0.3953266966026113,0.16890475371782954,0,0,0.16066696972456043,0.5523765788215793,1
0.651954688935778,0.7402007478141923,0.534778366694908,0,1,0.21849834279486668,0.06504390339685961,0
0.026388376419930956,0.31756606788955044,0.5796858112608554,1,1,0.7233329625561448,0.6422834272659412,1
0.05746613675534443,0.3924892119669927,0.8700301170230793,0,0,0.5601015849725555,0.09634744810039947,0
0.519646834806,0.9164856356987056,0.12431696565280564,0,0,0.09691421768582875,0.9217852432451878,0
0.6081522597084744,0.26130901807773943,0.7115299820091985,0,0,0.43439843698220976,0.9514943785670502,0
0.9653138113192427,0.38636195496570014,0.07272416463450589,0,0,0.21263366121930366,0.46061518833952725,0
0.07833122755522946,0.03477436901698488,0.47284947542281286,1,0,0.6212465953175441,0.9663381208698947,1
0.4674098113936312,0.14951764925797031,0.41630531651282077,0,0,0.33060770554916913,0.07202035065010076,1
0.318064378991042,0.8136029422392007,0.957119081592637,0,1,0.23105077853313885,0.6442216323609937,0
0.21993025359325635,0.7892025302358946,0.17933131986511347,0,0,0.7958335250665995,0.4554224766781269,0
0.7881160305487331,0.21176170550683152,0.0809413663096776,1,0,0.9032266728899433,0.6895030093258872,1
0.856028543497275,0.040203018334617285,0.5333218477996685,0,1,0.5737610392566314,0.600958322571755,1
0.004381238159694549,0.38358643251053015,0.06166047181908851,0,0,0.81529843975515,0.9319691983959244,0
0.7687373504017485,0.8652021060975642,0.3840793296157893,0,0,0.42376374783959175,0.43421008689465806,0
0.2577371499965648,0.13602958505036009,0.7809508454630442,0,0,0.3051673979415985,0.8179963291011274,1
0.3077806021031622,0.17631717865671362,0.6598003218654399,1,0,0.9982722189087544,0.8256960859085751,1
0.21796142271458016,0.5938863844528991,0.11530168034573215,0,0,0.5522308791827333,0.9552743212455308,0
0.9777615778559963,0.6503445698421022,0.5970050850213907,0,0,0.930349099132078,0.6300093541833569,0
0.4021644931850197,0.06435631084943916,0.06024903114727995,1,0,0.27447031997301863,0.5151531633059756,1
0.9738382535356391,0.9313771350265858,0.6654671695739754,1,1,0.7727494114956625,0.5548941763651072,1
0.29379306305561287,0.1733875275469442,0.3354269477625542,1,0,0.758278251697528,0.620493763478144,1
0.25195461717928125,0.369914820138682,0.7553251351659158,0,0,0.09826720681124812,0.8798614703536602,1
0.4716425348363062,0.7496601825792433,0.15760633012327893,0,0,0.381476138953445,0.43438269818108116,0
0.5110400508018451,0.4625318910212311,0.7280916975686479,0,0,0.3785428074143932,0.8907815789680149,0
0.2106841249830082,0.34661856400873325,0.6752169992075142,0,1,0.762491954396186,0.6048353919423584,1
0.45021229270338436,0.42600322551732445,0.46111927652051404,0,0,0.9402570835704759,0.19543206732921242,1
0.5085746849043755,0.02029507174694554,0.35215414648029286,0,0,0.555496742674777,0.41108259103408723,0
0.964278562244656,0.12064693915923157,0.5963847531113589,0,0,0.3752410696301784,0.23958508390915279,0
0.008966508908161176,0.9740701724210997,0.6509748044170643,0,1,0.12120381804839903,0.5094304684277924,1
0.38258254712388473,0.18786610717535576,0.24423538373177633,0,0,0.8426680527880244,0.92962228333174,1
0.01789441038148479,0.13031299174193783,0.20368016246676157,0,0,0.8475408288322495,0.7463531275824169,1
0.19579602750088018,0.4029467269752343,0.949037215023247,0,0,0.47144232994514124,0.5216889490785848,0
0.5233981567666816,0.8459616113804289,0.4480712330435221,1,0,0.7006398294372423,0.5980212349317051,0
0.5011982708650959,0.9334750362827048,0.7425924384421885,0,0,0.10620238035009197,0.10612271258236294,0
0.9406062982168975,0.9177630682501635,0.028070870675495362,0,0,0.828634672735864,0.15373271575049496,0
0.3160875525017464,0.5630589432760491,0.06078751920456667,0,1,0.41056684302031893,0.4591752677467224,1
0.3073303150008319,0.8629762422372033,0.4808336322836335,0,1,0.48120134097457573,0.8649590172855723,1
0.49283785761952315,0.21885002041453525,0.48055064413824217,1,0,0.45194589864186313,0.8228044487389643,1
0.4753049355152489,0.26880035022057097,0.4199587168935512,1,1,0.28753031133675255,0.8551686990576217,1
0.5487777788861273,0.19240630611497478,0.15663195464153462,0,0,0.07708112802884026,0.5743314064294294,0
0.5440713695290403,0.5085181057940242,0.649783016598501,0,1,0.41808754366632317,0.27386028434323034,0
0.3422830888773353,0.40337754008551113,0.23305931119749015,0,0,0.9374134145843073,0.8265233853836973,1
0.7542370161523004,0.9657897397110989,0.0014214814626227583,0,0,0.94803867210868,0.7706726275824423,0
0.13521793701352608,0.16581994103855177,0.8848506652270989,0,0,0.39378223847377924,0.34230056096667133,0
0.387395591054623,0.8113576523075471,0.1350874221841191,1,0,0.03581889750011861,0.3195610800163407,1
0.031356032536970384,0.06314068250855186,0.42455420847042663,1,0,0.5209720985418607,0.971261303050303,1
0.7488858764175459,0.13723891809982022,0.8515805020945039,0,0,0.9293930153224643,0.989432986226974,0
0.5288244996858379,0.19755753797606407,0.9249780632060637,0,0,0.9965524827061121,0.1735143085769038,0
0.626380091884321,0.25721051560273844,0.9066760882612778,0,1,0.6031845243160369,0.7075866952346976,0
0.4920161225282394,0.5351207554636388,0.4331214817971278,0,1,0.4572922992490331,0.46185612808963156,1
0.8203696006202117,0.6716397259562181,0.03797858289878688,0,0,0.4548259976624375,0.5387647307630172,0
0.016281306018130222,0.6603339183911964,0.727431093949518,0,1,0.8475586799476773,0.9829887868670968,1
0.25655682992576734,0.9030663015834134,0.31368753471342553,0,0,0.2611881859751686,0.6258422916707211,0
0.3775751251118815,0.7904501923832665,0.47979490313973544,1,0,0.7959896884723315,0.31382222967841683,1
0.9668287588251623,0.027253530759808582,0.07516849534929015,0,0,0.882059597412565,0.920207600554845,0
0.20744109915232845,0.9305780800124006,0.1583618363075052,0,0,0.5690957372827576,0.4930817023194863,0
0.05376741670516474,0.503787025342888,0.6520543688273729,0,1,0.4492659590375451,0.2709553053206381,1
0.43807763537085576,0.019964104052307592,0.1012394637476316,0,0,0.9022506217521422,0.999725345007928,1
0.354597089040178,0.12823767202888192,0.769472086665529,0,1,0.5035619354013527,0.35563158390277433,1
0.40903485197519274,0.3318136521816152,0.7569811599689422,1,0,0.6988915428097446,0.5841831934521149,1
0.7310309892661457,0.680046273321933,0.4830019183099791,0,0,0.8901588111403794,0.9587571587720938,0
0.9951964396826617,0.5792233800279798,0.18793980287264345,0,0,0.7719575578640403,0.19568926066566644,0
0.6875914836254139,0.376671287082356,0.3286718538343624,0,0,0.5683214786260162,0.10934454106572539,0
0.8263015343591759,0.7558809327988775,0.7241115356754219,1,0,0.12602921090836663,0.24743024677275316,0
0.40466624083456976,0.7904115347445005,0.1836758984033091,0,0,0.8045408311900982,0.2713765549057941,0
0.0155380797157497,0.38002716677895393,0.11768857575428297,1,0,0.7187186205589612,0.7497971378094861,1
0.35631352293685975,0.7130917700889916,0.02845801466086146,0,0,0.16133097206721542,0.14401026596562233,0
0.8062655194112034,0.7293168632120309,0.805911740744096,0,0,0.4951292364749888,0.5769188316597933,0
0.8492578130578837,0.5016638411484824,0.6247999156772855,0,0,0.5595937520082905,0.09565108171668818,0
0.6431390558146843,0.32845798444127977,0.19171997329816035,0,0,0.4834519178832039,0.9351720296790982,0
0.7013097014800299,0.579637075765602,0.1709877599456403,0,0,0.2708901040805351,0.4296682422654882,0
0.8119485836691346,0.13290721353756102,0.7830397616446683,0,0,0.9561023600912935,0.7506741658030947,0
0.7062123670644833,0.6132314955707016,0.37137713887061813,1,0,0.279010060157953,0.7615677043304407,0
0.30032986333416195,0.4879772203911171,0.9357515391934215,0,0,0.9719534774784155,0.6188226507120373,0
0.8158452605332026,0.45389451549143867,0.06836680002454742,1,0,0.711362869788602,0.09925417087417565,1
0.70055479791362,0.6682199964684679,0.23591981961684652,0,1,0.026634186186378223,0.854708241388233,0
0.13718099288848917,0.4782574565335406,0.5827223276717878,0,0,0.31917948531702955,0.6438202783807652,1
0.7976116378186291,0.7033070394236974,0.9191885809486983,1,0,0.15839790853912797,0.10410154306498343,0
0.04483127602165744,0.3967833057883392,0.5348092168913281,1,0,0.8156303412497149,0.8190577619161277,1
0.6459512290781585,0.870552842531453,0.7887456181547499,0,0,0.9288822275541111,0.6729452650708059,0
0.1670408221068793,0.9173624751385983,0.7246964740800782,0,0,0.1472037485510606,0.8036147219608369,0
0.5773756038143137,0.7626246620411223,0.713337343650637,0,0,0.5983769502849869,0.6638465743109776,0
0.7303016895867613,0.13716866748258452,0.6707292372131269,1,0,0.21367612843921185,0.8586595871182625,1
0.5212906646962127,0.6459771404968094,0.13908906393351506,0,0,0.22603317889145033,0.6689715594153465,0
0.9938349181662987,0.9683490736878796,0.8957043893034815,0,0,0.4327111303456788,0.791537347049794,0
0.9209642117029606,0.5243334356871752,0.6797596645467688,0,0,0.7288249142553826,0.7793176410881917,0
0.8462740772930929,0.8203379013522332,0.20097605177731423,0,0,0.1394892042954882,0.2980450306263203,0
0.05138759791868616,0.7887387183271714,0.8627925431944935,0,0,0.7106847454171841,0.04169607233433731,0
0.7731577249286017,0.7289099409678054,0.43580474981308587,0,0,0.8381846740539556,0.7163454201078339,0
0.9814177786042715,0.8688034009877642,0.1523235404997644,0,0,0.3079128446523423,0.32375922024044496,0
0.696041778854158,0.11077727543136849,0.8530036118426515,1,0,0.3552909495450449,0.7018541379037586,0
0.411697009328208,0.8837840646782235,0.2114848282844889,1,0,0.5616427334095827,0.4412729778143412,1
0.32662604461947714,0.19636554334291056,0.30895688876112176,1,0,0.878960421535698,0.19320243327197617,1
0.9573575738818255,0.11587559696652412,0.7017806885287895,0,1,0.7021870967667965,0.49540335945904773,1
0.8265300123812847,0.5847509438507923,0.2341510310395001,1,0,0.6729019626906465,0.5780889061209442,0
0.6285179283537902,0.43611346087561176,0.17980061115844218,0,0,0.7059069039218426,0.6668067310266801,0
0.18269674572456754,0.006839346950249112,0.7306854415376631,1,0,0.26043653355642693,0.14529938228467865,1
0.08350017995596333,0.027161551453506953,0.8761718287785593,1,0,0.6303665007079857,0.4828094964709712,0
0.11020239768647959,0.9647876500316067,0.9330461682664017,1,0,0.8672212410533842,0.42125223686650176,0
0.8821023984980824,0.41132239495686246,0.7761454134937098,0,0,0.49529348349420205,0.6631791437532257,0
0.6559764255301096,0.012777819113785265,0.7505866653288574,0,0,0.24843181517816465,0.44440718026672593,0
0.4325240147957388,0.022096537258859957,0.13347842881588048,0,0,0.798491286406768,0.6836539101391541,1
0.3610700322992171,0.6021522274804872,0.7499132643205629,1,0,0.09038599327785196,0.9760766515008743,1
0.8774010634107146,0.06961805947359341,0.3923825240288755,0,1,0.8396504775612706,0.6779595548767854,1
0.0643304872107477,0.1272036845815891,0.5186182072898833,0,0,0.16103502356363633,0.79554516872489,1
0.5627361721912479,0.6390998074343095,0.02919750480884953,0,0,0.2856075453927377,0.9174178466606953,0
0.40113066460322316,0.4316696560612131,0.23018121277161838,1,0,0.3524251250287452,0.15268010874653332,1
0.08554232611722487,0.015682102690424637,0.2238942948318337,0,0,0.16296970962848278,0.32456355525428987,1
0.8965388734882633,0.9046738127956386,0.02950601119586247,0,0,0.29207139672681215,0.4300732007883286,0
0.5998834848849366,0.04421037533426389,0.8159868093990863,0,0,0.6348872933864129,0.8445622749640773,0
0.3596213823418858,0.6933446167292459,0.3751247420662342,0,0,0.22268414984007925,0.7234417452215509,0
0.8625260753274405,0.9755139533319425,0.7196546981722529,0,0,0.6173932711735753,0.5836154362361079,0
0.4716061762370071,0.2956432757939656,0.7154513297026638,0,0,0.45223292195684556,0.11978250569384452,1
0.6095796456379398,0.9899869806637914,0.7591547152094861,0,0,0.7673393344143089,0.3006377537638322,0
0.8635550565360312,0.7451775827852408,0.6206027519703031,0,0,0.13305687511085218,0.26871134785523637,0
0.9026421347840907,0.11066705466189519,0.4171837986617237,0,0,0.08087762159975417,0.6529478115384204,0
0.7509483785063112,0.28188930284070185,0.05032910479690404,0,0,0.8267559991165289,0.009907598177692434,0
0.8412098874629086,0.2902677334175647,0.7842557157754493,0,1,0.6252882872121927,0.12944759293032254,1
0.5234492767202787,0.03255466006447984,0.3472123883485091,1,0,0.9511720179355858,0.3885828785227135,1
0.276455838143553,0.0030251383152042925,0.5082113564843374,0,0,0.42125978987596735,0.7949779173585303,1
0.5625630619954631,0.930647294819426,0.301466303886055,1,0,0.6345479241786104,0.16896832374878357,0
0.7525709768641764,0.13449423741084732,0.6083210129003785,0,0,0.5171040108302845,0.04961955137494761,0
0.8991210538684156,0.08217402726516684,0.6875360148574626,0,0,0.9800900159123959,0.5463953876719214,0
0.7087390552042079,0.007648658069545852,0.5210878111775367,0,0,0.29766403128243335,0.6861411508135264,0
0.8510255583362386,0.01528916249520187,0.8200607620212117,1,0,0.29253145459684143,0.578638754670292,0
0.480918987070248,0.1561515193919308,0.6493809749096411,0,0,0.22985490356766128,0.9608620986951728,1
0.18129261486769857,0.31843379334971145,0.7649540429677367,1,0,0.7305042037222746,0.00014617744085504425,1
0.3780604042190151,0.01775698901533015,0.4441275367250414,1,1,0.09196600956446523,0.9929226505656781,1
0.4989703963045744,0.5306326125569352,0.7144439905001839,0,1,0.4731350502230262,0.07786099476601432,1
0.10782401488515395,0.5299383873035024,0.2695841644764119,0,1,0.7888698896985881,0.7487615794136728,1
0.13523815226836008,0.1654312908915487,0.22473602255851038,1,0,0.8404603229358364,0.9700941025628349,1
0.24471078539110655,0.469272464192958,0.9906736772745737,0,0,0.7913533138597876,0.08431957021194597,0
0.2655542066577812,0.21131604842905463,0.679508424049766,0,0,0.8121178209494992,0.8493777496987507,1
0.5516715169585596,0.5188862411669012,0.685747575329805,0,0,0.30140180452980975,0.5894429813402497,0
0.19206256321671478,0.1086064893616808,0.05659333522124618,0,1,0.4577740977211317,0.5672120210966076,1
0.3494035488322354,0.8139628619758693,0.7219836510409559,1,1,0.6656528987765297,0.8716537592089459,1
0.41526582554335445,0.6613646699385769,0.8258134072783346,0,0,0.965845746586441,0.3887092627688698,0
0.1539359975042219,0.5705662312532513,0.6990713483905222,0,0,0.3701011290047058,0.5370166753931853,0
0.7257741998973501,0.713873947754496,0.4904454150432192,0,0,0.5792783037447697,0.7516744610082251,0
0.2695350039952871,0.14792646560010023,0.6990195753062509,0,0,0.14278208591592498,0.3125742184743036,1
0.9539450609809998,0.6871361271388243,0.334110986022072,0,1,0.9467849713083958,0.06811723759121796,0
0.572804409846708,0.5414184088377179,0.7904721744404581,0,1,0.11125893143403444,0.66546687815072,0
0.8493316753546222,0.08091449731072878,0.7735893198845544,0,0,0.6418855739843636,0.18919696685994075,0
0.9777806997539724,0.38981243033567475,0.9571945163429394,0,0,0.5922358436154747,0.40995649195949696,0
0.3205401237408724,0.41084344254140187,0.049007650157066006,0,0,0.529964898510196,0.5363671673569237,1
0.5727428238604878,0.023549890496647654,0.8480378375012771,1,0,0.3699116037328343,0.6570105385866689,0
0.8565269997186603,0.5892398989322386,0.7217977471185286,0,1,0.09722035725525588,0.2700737911667784,0
0.6594507142863368,0.9421051004044572,0.7391635994664814,0,0,0.5192291510844181,0.572395838941202,0
0.4946119485347932,0.9777231404784408,0.6502420294760137,0,0,0.8576380389368069,0.10013657085180394,0
0.145251299496283,0.5593394883539137,0.004059855547398817,0,0,0.2687967450343238,0.7105183226628227,0
0.04048690468957766,0.04603977203038785,0.28646960806910815,0,0,0.7137164168542088,0.6720599285396811,1
0.15868174531418447,0.0794741413398905,0.48038671245085246,1,0,0.5037597434459085,0.9016750293994578,1
0.8368951330824829,0.7789858977312891,0.5868225633767596,0,0,0.5425693368009182,0.5799029956685113,0
0.8756714512715422,0.7145264043419417,0.9488541722193667,0,0,0.389197335311632,0.21180528355328865,0
0.5300519853562741,0.9715397961357166,0.38371973873430326,0,0,0.29818739494149127,0.024577608676867924,0
0.7680778745616997,0.3036337707769995,0.6824720688873007,0,0,0.9339038215050196,0.41445893961758723,0
0.8810273481201673,0.5807240765071842,0.9146971416481715,1,1,0.26501822670064085,0.5955443294498857,0
0.7083114278909035,0.22297784660164346,0.9394172263836525,0,0,0.6674246476634892,0.3513900057555161,0
0.4048154230135114,0.9940874798999983,0.7433672307574687,0,0,0.012145769530696474,0.5566000730087286,0
0.4491902093143786,0.8365912377185148,0.7896145943113869,0,0,0.23234185620827963,0.2758341140873602,0
0.9113296213916452,0.4992315367571203,0.90663864275122,0,0,0.35522866259263447,0.6873805153810757,0
0.9628690759242962,0.024761551224741853,0.22930339003809586,0,0,0.7122193307597346,0.5770178901705942,0
0.12718563506010228,0.7539638087988991,0.07012419107647438,1,0,0.8946903412394275,0.10324764019741656,1
0.9520075098857034,0.6686674061210296,0.06798394294032868,0,1,0.9669122170402613,0.8304868079982346,0
0.5717153944045522,0.1635534473411694,0.4883923780987114,1,0,0.28454646226819263,0.019218347796891355,1
0.33982724814893583,0.37467529424262014,0.5519443854118349,0,0,0.4262532333149846,0.48430244366063696,1
0.41481178033333266,0.8699660239092737,0.2567481473430835,1,0,0.07701047674310725,0.8948817516640779,1
0.3312237378543257,0.4446207484546992,0.9145848761973067,0,0,0.10802011027015014,0.8585958482944767,0
0.2133216498669449,0.2945699372178552,0.2244785264828248,0,0,0.41872839437666115,0.3476672740873155,1
0.29089019040958203,0.9559665007687684,0.2134378009973889,0,0,0.32390094230810573,0.3682912782668531,0
0.06053130069645112,0.6998974956552347,0.6207596880506373,1,0,0.237113834304058,0.1848392429020594,1
0.9950397804573913,0.3696042297591762,0.28787071302067546,0,0,0.3382005361633347,0.5951561222019606,0
0.5668772738927483,0.621094797546834,0.5321870052434732,0,0,0.7449981860026905,0.08974666193168851,0
0.7980518751557523,0.5888955485984576,0.5742369246287115,0,0,0.1103078875406005,0.8061739437022422,0
0.184638521109684,0.5024158450294292,0.7369286311157205,0,1,0.4202768887869757,0.1463506461872085,1
0.4250029926171481,0.29371353572703013,0.20726942800924922,1,0,0.9946585970602656,0.08950183148719892,1
0.4173220538027354,0.19744591462527109,0.2836113127468238,0,0,0.5577220178488613,0.7887593856854014,1
0.44758808028993285,0.3063089661685613,0.8269007250659289,0,0,0.5970906818981471,0.36303017811717847,0
0.5023356072087367,0.2872286919432366,0.9441291278418348,0,0,0.31883583108305324,0.7224550952816071,0
0.9878408351986446,0.18316692891868566,0.03684732783708976,0,0,0.3397678354792007,0.0,0
0.025568260018591523,0.15960394001144462,0.26765539483612366,0,1,0.6379059851189833,0.19527475381304193,1
0.6928278563552405,0.23346598707459756,0.3864012062967184,0,0,0.3728495914436455,0.9511676213808353,0
0.012812842633115624,0.7036698665623504,0.38256605824548834,0,0,0.11078064416830818,0.09924847332007536,0
0.197986735400978,0.2958893774377032,0.46883516470093617,0,1,0.2682945126732984,0.9636439530413632,1
0.8700134774093847,0.6948018218434303,0.8986144501531846,0,1,0.7120346022528495,0.028100657744167867,0
0.44003794155724985,0.8348519254858511,0.7216100388237022,0,1,0.8704853238007881,0.9046244710775706,1
0.7608502726680475,0.7793706834518921,0.8778942873882608,0,0,0.049568626718750085,0.9655393902956695,0
0.7164810722750873,0.09110792273829871,0.33946497097587897,0,0,0.06829109533728123,0.8458933957207946,0
0.8640809171266906,0.5268608148351706,0.9386433867414481,0,0,0.7258613010856143,0.7726819315536424,0
0.03494587711275934,0.32292231410298816,0.8832198787598555,0,0,0.4969362603904261,0.9524957605711499,0
0.8730887099559922,0.21335838548763944,0.8563333457059216,1,0,0.8563420475227772,0.11830018260405334,0
0.155707401688032,0.5031387139975662,0.4996414753012111,1,0,0.5140770754962475,0.3866061765402498,1
0.8655564390571087,0.8445560895067501,0.19442959274926197,0,0,0.4845958038386501,0.6992914379835946,0
0.8404335347248681,0.11489784842601751,0.17123077418869007,0,0,0.08221739269315229,0.28350268881245605,0
0.34247802423973855,0.8874452279320886,0.9809904990009568,0,1,0.7789844152634853,0.7639345270715405,0
0.5537298468118088,0.34641072801729217,0.2075922864389813,0,0,0.001713957594411592,0.820471092239409,0
0.35874931705923935,0.8472691130926853,0.19396485433621458,0,0,0.3536431337529872,0.4980342790468621,0
0.9285298306861762,0.01951202896571473,0.11984849338726111,1,0,0.2505991159880367,0.6378536590437323,1
0.4989189748404282,0.1674694362635133,0.11197732161639086,0,0,0.2342963029360168,0.36271508328960284,1
0.7571599954256412,0.07086348393328476,0.24794196140082914,1,0,0.7837791971255424,0.7246759562155771,1
0.41352683564754833,0.5327926736688913,0.8346661796461952,0,0,0.3097409391474999,0.6402722351819967,0
0.94638885986995,0.8971175999867667,0.9454803628162316,0,0,0.748165621412161,0.9756002190619295,0
0.12537548013332553,0.7173257643596492,0.7241120140884785,0,1,0.2736042680428394,0.16132626358602264,1
0.7298261497621573,0.9223495298704931,0.35014608365549066,0,0,0.8718077597528847,0.5969966137978469,0
0.5880275031917899,0.9270117891008429,0.1701662008584462,0,0,0.4911216025513332,0.6501966028281756,0
0.5611316431088634,0.09367532961285603,0.42386928339028046,0,0,0.06933901450219507,0.40362943785030975,0
0.07100457529032142,0.08242129058337834,0.9697629605025391,0,0,0.7336988552080647,0.09024364847007582,0
0.7730002037012024,0.5896668243064284,0.1979166826773373,0,0,0.8248154814190367,0.7878914541624369,0
0.8440950319872559,0.7295719394040792,0.0013878239163937682,0,0,0.03732605422754969,0.9228645517742886,0
0.2108535598514619,0.09850731496106949,0.7492965655649799,0,0,0.28137988332500474,0.6953445709711308,1
0.19167881833351885,0.4250222599118952,0.22977044568634047,0,1,0.8674644634324505,0.6523458195617102,1
0.4012860600031006,0.9172467295630582,0.05801788005528428,0,0,0.6905163054871721,0.6128987060905615,0
0.3792683387424911,0.5886736839881738,0.3568146490419045,0,0,0.33927787178098534,0.14258701993014272,0
0.9080770862629383,0.09887380821137481,0.004995892845840026,0,1,0.512649595524497,0.5033021026423863,1
0.9818523407257884,0.6564974071966428,0.947408131271252,1,0,0.6126681243898101,0.9955991969990456,0
0.6237969606624701,0.9649800250658817,0.20848839711607833,0,1,0.27667238482138173,0.23251684991548316,0
0.815723071673254,0.3001343180233631,0.7627930280894782,1,1,0.5516037028542069,0.15745018311893066,1
0.345174138587782,0.07296471984368723,0.5845221804377586,0,0,0.7708280060964707,0.21986127777577252,1
0.44099696260334525,0.30267570736032057,0.6542759020110711,0,0,0.08708412476092657,0.8078450042989223,1
0.2652130643873824,0.768970913815001,0.40217431260665276,0,0,0.9886671402355903,0.15143833614375923,0
0.025048254589944533,0.09019829748740797,0.9746320648800956,1,0,0.6923916589834691,0.08868388891016799,0
0.2494355369276426,0.31528720491774287,0.9254628642858896,0,0,0.4751151312661562,0.7735503481778516,0
0.3565149762398188,0.21123254081723064,0.28523505726667947,0,0,0.20180836879990904,0.9293342726771017,1
0.9829997176510907,0.866117172861113,0.35508376097776545,0,0,0.27487263057833194,0.6696773729889169,0
0.5644889514666751,0.4832206653857567,0.31119194157170804,0,0,0.17409347595562122,0.49985438188887893,0
0.08582542736557577,0.9373096715636681,0.707496855754573,0,0,0.2886246149856606,0.30127645357267324,0
0.9607905787032541,0.4783316096597807,0.39807076465266145,0,0,0.9814764629654555,0.27892244009450445,0
0.045232971085412174,0.7205179665897523,0.5299934688069,0,0,0.354649448001023,0.20859637955547727,0
0.6283122301323605,0.40268558977525637,0.838080659911623,0,0,0.8989635624671589,0.693945854858897,0
0.8427928454399763,0.553393796684905,0.23275655202844994,0,1,0.9968954997185834,0.22484275437771156,0
0.8920678441812339,0.6062032308356429,0.11843855186922667,0,0,0.18583254011105166,0.9895572643154289,0
0.02321161885652608,0.08381168040418795,0.48143516390167024,1,0,0.48472632237704866,0.36984236778471075,1
0.043058920931167886,0.041387874228482724,0.20194600355982803,0,1,0.1443988738523884,0.10656372205808856,1
0.9273521292826273,0.057773190438944404,0.8745908244612216,0,0,0.49997715279052796,0.2624664719616548,0
0.10655790904883919,0.021660306455398817,0.21700530930447365,0,0,0.6398959222909001,0.6489646660292334,1
0.25682491152372117,0.493774401891495,0.8638323440618437,0,0,0.880619928273199,0.12236048471305994,0
0.9028028655594184,0.9137453307985751,0.6449338812489843,0,0,0.33852942800054314,0.18210060138649325,0
0.4802893964643534,0.27180378006117467,0.6036217468352054,0,0,0.9918458047305864,0.19159877029566302,1
0.652417581859287,0.22424302026928153,0.6632947962531467,0,0,0.8457071869598829,0.5768743852521849,0
0.024195606217474522,0.7006136351777882,0.9856505200254513,0,1,0.07120648547318777,0.26958824462340764,0
0.42212299233245537,0.4656097419593609,0.6827512909509285,0,0,0.3873315758523506,0.9560609316272253,1
0.7115365617948395,0.8911755775793921,0.23357630030469848,0,0,0.5709704871960564,0.19556559954911562,0
0.9311153593692234,0.04411060373681437,0.29907790204856993,0,0,0.3883140563276455,0.47584686148621885,0
0.48034345148960716,0.3585806872959575,0.13666623827503718,1,0,0.18943378053984072,0.19298468537555397,1
0.22663812992311513,0.3215221304814356,0.7878592213644763,0,0,0.039514334445546355,0.3083466469590423,1
0.930982233563481,0.8911220554393415,0.8351048484111038,0,0,0.2380159765846716,0.447670059232713,0
0.6265934280228707,0.549622960304377,0.2916139015244902,0,0,0.8985147667992507,0.8987741073702866,0
0.8111523351334544,0.2752162309910169,0.148236923003652,0,0,0.8741353773270213,0.14010895181851302,0
0.36710606163148307,0.8315111576322267,0.3711579430877213,0,0,0.507777031834197,0.21349434170615056,0
0.4692339150948108,0.6116577608513358,0.8627871710963501,0,0,0.5783083398675194,0.38029786700188656,0
0.7110734119591546,0.3430938290649782,0.872129447527916,1,1,0.4127987107681997,0.09304090081282618,0
0.7541182193512783,0.9379131138888713,0.15165263306196405,0,0,0.6362060433703797,0.567516629656426,0
0.3795494975354673,0.6302731544198212,0.8509086276299928,0,1,0.4071083192709386,0.2850968071675724,0
0.14662050095109572,0.13903887926373268,0.011969744236667511,0,0,0.8788453616165464,0.6782830950733749,1
0.719138527391914,0.8097637366895302,0.8991215804104071,0,0,0.6320938218609218,0.5930812929092333,0
0.28783873469455723,0.28622225260895157,0.7778796716313044,0,0,0.0031661569345939663,0.5297090058580596,1
0.490216699135643,0.14479199764608924,0.9821546563451451,0,1,0.03371565941871013,0.403207664023248,0
0.4737461076100588,0.8878293515649515,0.3214577979573687,0,0,0.3021658377775168,0.9282510821358088,0
0.5559732394890906,0.6558901269986424,0.7106348471554685,0,0,0.7262056446538266,0.046006356956136085,0
0.4204209210359471,0.6667342753261302,0.5776651433983944,0,0,0.5194263941771139,0.6201789351456073,0
0.8498770114273444,0.9205061535020802,0.8455315577266062,0,0,0.5587996828338736,0.15006712573754788,0
0.5628429957602565,0.6719444722906877,0.012494394771885887,0,1,0.3240419742765361,0.17414449491315664,0
0.5971304061688678,0.14927761456590827,0.712183702947289,0,1,0.8087418308347083,0.965494245309324,1
0.1072457590243642,0.2967228011669018,0.26193064911982683,0,0,0.2312030772819458,0.6385154752195039,1
0.14305020917268355,0.2334380505753207,0.1770392047127681,0,0,0.04527044344571732,0.9010340647722566,1
0.5527202117115916,0.9289555467828914,0.4885890459323241,0,0,0.4523816883208015,0.3489154912056844,0
0.1941647728803003,0.1906968371947591,0.17604403923330736,0,1,0.812148461950664,0.26154995722160573,1
0.785683527211445,0.1001941039409813,0.28859578196965985,0,0,0.8308289765698972,0.7362710726393777,0
0.10846172514524072,0.3068299150982418,0.723815201288014,1,1,0.5137122962950121,0.482113771627068,1
0.6852436584513195,0.0146413328721001,0.7496879355824446,1,0,0.811970800068178,0.6225402562285856,1
0.541166247476794,0.653667633908553,0.6644993637964104,0,0,0.6766495868971559,0.6696937733680046,0
0.26958241437324487,0.13586081491968435,0.4116879521391889,0,0,0.9154876788266824,0.06036689990663002,1
0.2331914918722787,0.6343563520248484,0.6082619940635813,0,0,0.5196751291248362,0.25627572406679405,0
0.6479523936137281,0.4081268364202963,0.4207002857048101,0,0,0.03569375850531949,0.1970566417444754,0
0.587917064999235,0.7655129319464555,0.42287275806592334,0,0,0.5971045678735402,0.3897852653700315,0
0.1238500084152942,0.994404942396875,0.1663638140137614,1,0,0.033708233001732715,0.10161286689846732,1
0.6327512215999567,0.9328967053245206,0.38913270936735816,0,0,0.633171079574097,0.30104304008425914,0
0.571209553262175,0.22481347503557234,0.7413455262866046,1,0,0.33949657734294586,0.87769639275378,1
0.3026365969711089,0.4550910294439001,0.6205247358615632,0,0,0.8981920308070348,0.2305790523762647,1
0.6208184538450061,0.9031987670655617,0.5954303270503706,0,0,0.20006016016801517,0.6580114726946658,0
0.045581768158526666,0.7821947985314908,0.5447751676336053,1,0,0.9642630262602581,0.9909763143945567,1
0.6084240473405627,0.6818229840018487,0.2127855218155019,0,0,0.5110926350173894,0.9909358605196277,0
0.09663299498302384,0.4372055768203511,0.23665630169251448,0,0,0.8254487978976656,0.6753408766760518,1
0.6033893311259112,0.9626840954860025,0.5887524547547238,0,1,0.10013475555701905,0.44506710037897007,0
0.766343338065198,0.8820697708927545,0.42699780450535424,0,1,0.7833013338067262,0.2313752364405644,0
0.25309514528360877,0.04950690569660074,0.8771567262126636,0,0,0.9545259319784672,0.840071397456192,0
0.7315125692366696,0.6507008001269133,0.7779700654602438,0,0,0.39009068035777894,0.31845554174029816,0
0.16325125349637784,0.941014178786295,0.3235219027931617,0,0,0.849585964795573,0.2198087593758974,0
0.9448089344562252,0.46696790688999407,0.3137649385502943,0,0,0.34348797790161406,0.9165558755225922,0
0.5777479008737287,0.6351591601162161,0.12592095175513993,1,0,0.9859481957382038,0.884886022577589,0
0.3848094912714447,0.07037210693837062,0.3368622097349471,0,0,0.8381382128020736,0.8708041117991268,1
0.4267853026083464,0.9352880652922178,0.5757846754115993,0,1,0.5440895565702807,0.8888106083194682,1
0.41026392015909735,0.029100117187991707,0.25640221817145886,0,0,0.7335288607842675,0.12525804808209384,1
0.6312626472264918,0.6763541296920507,0.7388512000319635,0,0,0.8643284150547682,0.13842287121049918,0
0.8568868858896143,0.5001556141341239,0.5362465241281522,0,0,0.5359443136445842,0.06084710855334935,0
0.5274506037491414,0.5570331507135798,0.24117672105291021,1,0,0.5836537896660284,0.6876321887856887,0
0.5036965984959012,0.17110336318977287,0.12423452409760598,0,0,0.6608997379866681,0.2243586571912362,0
0.6268432214411226,0.6213700831444972,0.32686128075687026,0,0,0.466772574583822,0.5794431287594946,0
0.8038715399436752,0.9262322594944122,0.5666148958013547,0,0,0.44506102836569705,0.9726972660629141,0
0.7932054654153,0.2229057407080426,0.7265549494203578,0,0,0.2891150452699212,0.030352166611687936,0
0.757913175862388,0.7757771070871722,0.82904806656968,0,0,0.34607799517257526,0.4669156553896349,0
0.8940617906837734,0.9717045139967961,0.7492159290116155,0,1,0.2687382401989826,0.8682549832231208,0
0.24791455980487306,0.713563937328478,0.5125426801856808,1,0,0.16212655791519498,0.8271249297861045,1
0.06582273516810824,0.8225098326761898,0.7594362088239539,0,0,0.9519634767859962,0.24614318007718605,0
0.9812788163623976,0.2528638347407283,0.2994998034629894,1,1,0.4917038192421426,0.7274161840680173,1
0.5770298921985121,0.9324367226025557,0.8732370200079926,0,0,0.3687784020658565,0.49334273763928377,0
0.49487628023550645,0.8181805828926845,0.8014371236716201,0,0,0.863817895804224,0.7739111841621757,0
0.8148873278797428,0.8968836894970139,0.9137634424831217,0,0,0.963972806601845,0.6980529760625729,0
0.7886233793320746,0.051275386945263894,0.8676291086711567,1,0,0.046117645524401604,0.8784867249941566,0
0.37167722540789094,0.1641213616384265,0.5881079540041304,1,1,0.5385049339494696,0.8659302586659188,1
0.603993794972097,0.7969680274107671,0.5904874159284662,1,0,0.0644987484171504,0.16743849825321766,0
0.1943162357235957,0.6411632075249328,0.34177282801763254,0,1,0.6950235496389924,0.31750428142146386,1
0.8780587437681783,0.08487873278419004,0.023923864018440027,0,0,0.9244059466247521,0.7122567496454071,0
0.8789527733725938,0.06666298620037114,0.12855837641884946,1,0,0.9270242601926887,0.40879472162535685,1
0.9572769291681439,0.5122307766070064,0.35021152429606583,0,0,0.8257761290814783,0.6217381540151454,0
0.546626052255494,0.7867239218732568,0.015007029068913701,0,0,0.5895516228343102,0.9619629624411865,0
0.6059374864490559,0.08537060256391522,0.5579722347093917,0,0,0.6956433566315847,0.618393555958014,0
0.07404372868608296,0.027660267488785743,0.2168630965155249,0,0,0.3009030185017233,0.218327798245384,1
0.6727373087164183,0.2464695419156421,0.7269660771482392,0,0,0.160913929586389,0.21858719206436827,0
0.9656343177512776,0.7241175683467144,0.6944856026983314,0,0,0.7104048757934208,0.2545767752239722,0
0.8206199437388554,0.7614495243901025,0.8399609324611236,0,0,0.8568217959748013,0.27588251922962,0
0.8385666864950657,0.8401275165294245,0.7580715959228413,0,1,0.22812316879336095,0.05765372715099265,0
0.029658736620044108,0.4435953959528829,0.4830199424779392,1,0,0.5417818033869142,0.7368874079512424,1
0.079334265495494,0.043389241804766374,0.22793250667977635,0,0,0.9249286854744833,0.610652111763107,1
0.3847854231796243,0.2829899165699539,0.12316985423038286,0,0,0.7231581655952384,0.14015537669243722,1
0.8159753893020117,0.961229374655967,0.3294843267335542,0,1,0.21527610180091175,0.3626113652613146,0
0.12838633368859534,0.0800240980433357,0.9361643575301409,0,0,0.5815131686635227,0.5576989064630402,0
0.06495905111849247,0.5806125029358654,0.25214597906252106,1,0,0.9541412451745674,0.4037147015075751,1
0.8206820168817422,0.24629294408452135,0.2797831898770306,0,1,0.11046308171823226,0.6123628008333755,1
0.6840574091134654,0.1964044092600568,0.5073748883756382,0,0,0.6164979393438781,0.669472129536872,0
0.36113213849968223,0.02680459617539942,0.26174648351053065,1,0,0.2651522327107554,0.36373905445622884,1
0.6100184104199435,0.030859752201058407,0.8609952266375155,0,0,0.014937265273602581,0.08568750493151522,0
0.626558782100366,0.7380340953344933,0.230688334181746,0,0,0.2020947704842342,0.034283093368715656,0
0.288825715400072,0.6602127612196358,0.011279209583460575,1,0,0.6673936357125352,0.8619914183476456,1
0.30863160324042266,0.6643428693201818,0.8468563885514699,0,0,0.8275842497921068,0.20395975443198872,0
0.4208559133164715,0.14000579610507918,0.4833911360163362,0,0,0.32980518406202664,0.8747243556187987,1
0.8847013724597971,0.7442064036251571,0.8670031277947383,1,0,0.04783185006020821,0.9947749655968314,0
0.8795328938863619,0.24123810612947172,0.020143632381508517,1,0,0.7145719861004233,0.99940198211054,1
0.5559245187218886,0.8018714619056333,0.21473698259526433,0,0,0.716395686290905,0.8948978783288251,0
0.5287530441575133,0.4660482969395956,0.6244233437256971,0,0,0.499478241944731,0.28592225866413873,0
0.7972084433735311,0.9215431816354074,0.08549109983638026,0,0,0.475905350431716,0.8831875579684805,0
0.5908579598709656,0.3081492871767748,0.2809826300033429,0,0,0.3230753132914473,0.1669539012711736,0
0.7024128384676631,0.2743192597703401,0.8034742267461605,0,0,0.6172606921977362,0.43023392137748834,0
0.6493778450755661,0.021694435848357434,0.8388079215772638,0,0,0.03481515414151508,0.0513252070077872,0
0.4522148806518716,0.888090837996721,0.9655649860705203,1,0,0.9457121086968575,0.29232639230146323,0
0.5717105072780733,0.15226801956762606,0.7441952432979015,0,0,0.9742617227613434,0.11098960594523871,0
0.24638315964237661,0.4899475442602593,0.07492807004892495,1,0,0.7844396384259934,0.16485344004293584,1
0.3433010641564207,0.25077301093949744,0.3504552937865207,0,0,0.6319763254182907,0.6760731916547191,1
0.6667070367873178,0.13535533166293853,0.2934317598003079,1,0,0.858446879910856,0.5432732841265786,1
0.9301371046659971,0.9091394361270766,0.8846481261006989,0,0,0.8096831153859803,0.01177100971801942,0
0.19065254641999463,0.5068539796812902,0.6474113375718733,1,0,0.9511780788902826,0.6515900295087622,1
0.6873736309016776,0.23094261266453536,0.7863865537821819,0,0,0.061879526100268124,0.22445545989400584,0
0.49553023662371404,0.7884850915813039,0.14823433470322675,0,0,0.5823149288997872,0.05043313477249428,0
0.7540286815943784,0.3384688873396485,0.3305739695016528,0,0,0.4771176060002227,0.21102558153984202,0
0.9853314134829548,0.3734616432224705,0.2688724502615767,0,1,0.46657314928467575,0.8811802796528987,1
0.43558842830708644,0.8598261212265931,0.4620876355478214,0,0,0.8513692543501247,0.7961144936196656,0
0.5343482577246033,0.10291153762395684,0.6976150320744197,0,0,0.5024628179466437,0.6433042470738639,0
0.7473157108120753,0.7628641274541719,0.5599741619730126,0,0,0.5331377220208874,0.2600652452492172,0
0.4765449136861258,0.6585871661683668,0.16537366183596053,0,0,0.5638001065162467,0.5031964472756911,0
0.7648336483884409,0.6709585785399659,0.8511417792971852,1,1,0.424684246308084,0.10214951406980816,0
0.6684575083429853,0.02478277155739595,0.9671516793389128,0,0,0.8147069247982643,0.9631146850072214,0
0.8777529806090647,0.622580574914577,0.5428028853864768,0,0,0.8881953264244293,0.6806670170984679,0
0.7240223263265338,0.6503111115607226,0.401940270249081,0,0,0.900775896048592,0.13345910891365131,0
0.15557437615055134,0.9683235476862179,0.8690577339196411,1,0,0.008706166243942626,0.9639353674077467,0
0.09520157014556418,0.9715113923661176,0.3645321006226368,0,0,0.7545634528515966,0.32042492142980444,0
0.1410562098221616,0.06278826925996055,0.09363820941454476,0,0,0.037392831094627474,0.20427059262905872,1
0.3499183126319653,0.6102328725331823,0.6833574281827479,1,0,0.6267495648157071,0.19061883656956186,1
0.5883349104802535,0.6759527473731067,0.5043961072649986,0,0,0.546677673894501,0.6695852054373486,0
0.08532348812776037,0.9499989680370903,0.11995099643076644,0,0,0.7665112328743828,0.8307312517137093,0
0.7344042142633361,0.3395320968623078,0.29503477463142547,0,0,0.20368818330853464,0.9529882932801761,0
0.41609037143665273,0.4997511495633635,0.9789505648159249,0,0,0.1493897957735726,0.4133839693624895,0
0.5045843673986233,0.23515787294038745,0.06430904935011816,0,0,0.7989030862010403,0.6231448522737753,0
0.12987857119496724,0.3645928215679411,0.1733138220917832,0,0,0.55271483421511,0.9410649803237292,1
0.20083324311405606,0.8204638588476408,0.13979858689133393,1,0,0.26899126205186785,0.9273365640241402,1
0.15770415868969037,0.8472271291564244,0.2312944808222668,1,0,0.20910045786007653,0.9918503491128161,1
0.417971098277319,0.7000253706354641,0.47685004685889143,0,0,0.4813478686188144,0.5929594420716007,0
0.2276508127118659,0.2581631314130261,0.19670184474312963,0,0,0.9388122876477875,0.3245581455012964,1
0.8628181891191261,0.4706292485865331,0.08054464560562989,0,1,0.20446984992050132,0.23872226671798796,1
0.24458323709016924,0.9662496554987886,0.976217294807492,0,0,0.13322958418178574,0.8958699110371253,0
0.09858252696088439,0.9109959441484248,0.8014211071008656,0,0,0.5339950642957731,0.3848575051303748,0
0.2041249864838763,0.9157374890786301,0.008016783843399742,0,0,0.02188990477415205,0.30758961677763624,0
0.49502156836660394,0.778863631611761,0.019004160741256184,0,0,0.1465061103953562,0.16963882146404902,0
0.7171061209665506,0.8003761261599022,0.6721478303160413,0,0,0.4853453826246011,0.7318688737792611,0
0.4684772392855459,0.36231155600687653,0.17935815439277175,0,0,0.6018303862514592,0.40480528605862826,1
0.4615330145990237,0.907589784105528,0.9034517537833378,0,0,0.7115061200445222,0.7824187926606827,0
0.8772303478637038,0.4212012135011482,0.2134082252911248,0,0,0.871448190857833,0.35044051217780875,0
0.6905166240466961,0.7989563491665835,0.40753901796250885,0,1,0.8370946669764233,0.8540368535343892,0
0.9458084399921075,0.7912305840914085,0.6839038019757715,0,0,0.3538534802171612,0.012058007707280494,0
0.24875752793407488,0.6217199742229821,0.8449691959738246,0,0,0.9981348475898526,0.5272317027894575,0
0.6831803611792217,0.21966668957453328,0.9803392366613243,0,0,0.486160579529137,0.5097443120541256,0
0.8799931954464396,0.06938595341767027,0.8407203479662542,0,1,0.31403005387129124,0.6011202215937066,0
0.985680174733019,0.03389296467993318,0.9799229787101985,1,0,0.36816256467600966,0.9847945058414813,0
0.6752644126659788,0.01350412395734475,0.34587383821496404,0,1,0.12474250223666127,0.19468623394579587,1
0.9455029676608915,0.1309403463285196,0.9669068162594623,1,0,0.18835330397913097,0.8903762735132752,0
0.5785975541094595,0.06397329728374973,0.10335157725381953,1,0,0.5609975497729845,0.16020047205436794,1
0.19826352361243357,0.9111792347247342,0.48858880562069057,0,0,0.7156171763902947,0.7063454600991497,0
0.9650104973645025,0.9866120721838134,0.013137320927352465,0,0,0.3535478085174033,0.42454361547129565,0
0.6431020501378462,0.3266339166382856,0.698267767954175,1,0,0.02045774627593184,0.6643253929668826,1
0.3699707890064048,0.043056635612195096,0.6579667876810884,1,0,0.8977834642964905,0.7211713451743083,1
0.7085722238537128,0.9627685536940951,0.10853341864769969,0,0,0.4077613354823431,0.047463374517249246,0
0.9159623608824471,0.12459725725847229,0.22864713397652098,0,0,0.5164737306958683,0.5032160759676776,0
0.3847884680544324,0.7051409815639776,0.677786229738193,0,0,0.17131169258386048,0.5085089106008485,0
0.7657460360783203,0.10797602427559298,0.7254348386525913,0,0,0.05097889143498327,0.8991399210755988,0
0.2064278531968376,0.01803436720720765,0.4834400998377846,0,1,0.19463056454916358,0.3663493745639515,1
0.09605377924064203,0.6997243520426831,0.5130732515365883,0,0,0.6762334795119223,0.7163169624753143,0
0.19503672383850826,0.24163992295498282,0.35787783839777065,0,1,0.3662345467986718,0.9962800792231203,1
0.892058898537415,0.705932735362584,0.4911123451880824,0,0,0.3996368534211849,0.9824742686568262,0
0.3157096287159089,0.42277063684668864,0.6347957207480615,0,0,0.5242418270028859,0.37606980562789843,0
0.870513579996668,0.02023982931363275,0.7674640960241975,0,1,0.393054922039063,0.3959949896516773,1
0.602417420217593,0.10481961358779117,0.13894477110785253,0,1,0.20943207369497682,0.654232331131221,1
0.15499079279412978,0.6371577838078037,0.47341802549472267,0,0,0.43312216140546356,0.37305477412822025,0
0.06492897722074085,0.09795303913514611,0.4623942711046888,0,0,0.2962455618381064,0.21206407309498032,1
0.3655289696244079,0.8470537988322714,0.36998356800040744,0,0,0.009922989898260855,0.48643901438769316,0
0.9553484231747393,0.3912699624555799,0.015378287550740853,0,0,0.7441399084871256,0.8196183797504701,0
0.665078307962707,0.3131301589804451,0.9635190410618547,0,0,0.529801796875671,0.13483791080242152,0
0.11108080700385,0.15623087851263368,0.4018118795157378,0,1,0.7310651938265987,0.31706915189858637,1
0.7497726475408961,0.2169902194197917,0.923425823288281,0,0,0.9024582958757698,0.1629967699859975,0
0.18620567644698896,0.7097993029568544,0.8358857209573801,0,0,0.13577424293421955,0.9538784333090138,0
0.5034175399933357,0.48404354556324436,0.11097374286620458,0,1,0.904982954574195,0.9928264445099124,1
0.9748436720802406,0.8341472250262764,0.9512944731902176,0,0,0.854296667509629,0.6284845588219483,0
0.6704812332714476,0.31407729658433975,0.016800109138116668,0,1,0.509216467729122,0.6215402155202485,1
0.37648681676654105,0.05232214630660098,0.6969510048686826,0,0,0.6466747181458954,0.6619968093662802,1
0.4199841155490027,0.017835646953147825,0.7830366306510073,0,1,0.24182183025401724,0.7664348838710382,1
0.25359572439922135,0.3902945309850983,0.371764514376094,0,0,0.42586428361121587,0.9152996796474517,1
0.49751742839384705,0.5673869175300831,0.5037074845811823,0,0,0.2525802589094336,0.05800203068315307,0
0.9372116397785428,0.9963040903575083,0.8955128159804155,0,0,0.0491962539768143,0.9227220898568365,0
0.49398151796109596,0.3305786972021519,0.20847970112453673,1,0,0.08912621738262298,0.7107229560620172,1
0.8690719585947809,0.7104238869267765,0.5991586049315376,0,0,0.177475737235871,0.8023081636523357,0
0.1868440507997682,0.46182897746644813,0.12911630554354878,0,0,0.9564559547997852,0.4068629458161532,1
0.33860475613449614,0.9752027869737987,0.48587391066145086,0,0,0.07145317503630387,0.38790824094789805,0
0.9772317674230738,0.33005230991272905,0.19832197710221858,0,1,0.6799327651141307,0.1591230943020306,1
0.29207766597872953,0.4743646244572279,0.8214632379463949,0,1,0.87606670062714,0.9817794117699505,0
0.1984542152915599,0.4032109528433142,0.9058892448724276,0,0,0.5026024274512219,0.5659735313903573,0
0.8086713949434658,0.7914292514940832,0.0708193799371939,0,0,0.4686511648139892,0.9550133427987542,0
0.20031037950440767,0.8967642346665946,0.24803267631014606,0,0,0.35634012554163047,0.845991202532786,0
0.781895944202638,0.9301341252654545,0.6394151435697044,0,0,0.8382870665667967,0.7777452633476525,0
0.062381462956216965,0.9334063473272758,0.3799212619162753,0,0,0.706771478373352,0.01924159111501661,0
0.022317382046603152,0.817448586349472,0.8513519602240485,0,0,0.9595818238918672,0.4282284621213393,0
0.044178229218721325,0.7765510719946221,0.47233912337781997,0,0,0.3465408117550288,0.37143846784006423,0
0.8811626020232073,0.493269543293425,0.019884577954226424,0,0,0.9404109532380948,0.6095938302428479,0
0.5882088908324434,0.020655387946091935,0.6559961006828076,0,0,0.8019309718684331,0.009865239178708685,0
0.3761142845138456,0.4320154933512542,0.19746830745181262,0,0,0.873098105191608,0.22964924421304034,1
0.12014097400912933,0.07424306546196015,0.27230859569346055,0,0,0.029798942900059886,0.8104892384250573,1
0.1271372647707183,0.5178624407027491,0.3208995746812014,0,0,0.1612130005955721,0.7625681250325134,0
0.9129278781246375,0.396336881496708,0.6332874146886561,1,1,0.6658483689981355,0.6298095884004673,1
0.13374484328860264,0.7667005762411317,0.069272889750251,1,0,0.5248846986522523,0.38040135406033787,1
0.4017478978980392,0.1844764199792438,0.22600554820398297,0,1,0.9096922534435841,0.7445679060688819,1
0.8796793001443778,0.7026738122337628,0.7926857831092017,0,0,0.5360574101279585,0.8481812122800139,0
0.6403251938274943,0.5559335635422745,0.196238008564888,0,0,0.12403803328222868,0.6039181262750439,0
0.43276068623577923,0.41353989032802163,0.28421410069123737,0,0,0.5538857121379944,0.7699140458507467,1
0.6199292081591063,0.7519079229990071,0.7931912313802673,0,0,0.8560140421077321,0.014366191949425344,0
0.3652307777977449,0.003985473048090881,0.8571810459960985,0,0,0.9270188571833904,0.8245475592595086,0
0.1426800786287402,0.975789575085682,0.6902124491462438,0,0,0.2523563788149727,0.35797672157964083,0
0.31553507844464596,0.39823884169365786,0.12234360364927419,0,0,0.7033383793583715,0.8529588664080854,1
0.04312763303504925,0.4460343274643884,0.9154654256610318,0,0,0.8016040058125359,0.9408434194452917,0
0.6506104177272071,0.42702326207257524,0.006818808131139555,1,0,0.03043772849736249,0.8846349182137438,1
0.1902132894497595,0.7181884187593216,0.9532499719512486,0,0,0.4781511907202007,0.5187105740251108,0
0.637365921363474,0.9569947179458606,0.6934821382288633,1,0,0.26464971338764487,0.9923198154017019,0
0.7508790723228637,0.7271946093981145,0.8458061084822253,0,0,0.09880732831260368,0.8627008458813816,0
0.6447249118381754,0.5883491078281698,0.5619921463349624,0,1,0.0630253689619164,0.5891984261238792,0
0.5231734028945492,0.3529027080089035,0.5325076657319686,0,0,0.8128282319653664,0.15443399932821145,0
0.3044695652921035,0.8723493213375696,0.3299233360141492,0,1,0.14001321385860532,0.6420845718706021,1
0.5390655502518201,0.900356520687113,0.5541010679446666,0,0,0.5378891832964846,0.901602096761354,0
0.2128984682400582,0.7429372065661909,0.48756301355771486,0,1,0.2655905848140642,0.9372517820647595,0
0.41768181048677955,0.27144646614376616,0.6048611370050183,0,0,0.5041518902032028,0.09512097894599608,1
0.7398876167771035,0.45649015541303334,0.1281723309085208,0,0,0.5120434863263422,0.24966426853192497,0
0.006850936569966691,0.30318440437330824,0.8821800291110099,0,0,0.5979206798375684,0.4406587298179128,0
0.23799551550462847,0.2601928308547607,0.3607533963966961,0,0,0.3640859701654332,0.3588846598381195,1
0.7047476983370075,0.41048638422232103,0.7368807382516196,0,0,0.5809382664501567,0.7895762451288018,0
0.6879223471166702,0.6063645692950509,0.3280791194353824,0,0,0.8445641238859258,0.10962511825617977,0
0.8168546430529118,0.46863880428471666,0.025587251372491356,0,0,0.49544764076330333,0.08829308757050625,0
0.7025608794112543,0.31924895655850766,0.06769547712564734,0,0,0.83500782875208,0.6384754989032393,0
0.9815128814351198,0.8356197170492929,0.6412936470844749,1,0,0.28365431154326637,0.091818568568512,0
0.8817864907870283,0.13022387037568506,0.8783206445476633,0,0,0.16248352982849434,0.6986943340870702,0
0.6518578491052525,0.0,0.4662634504860675,1,0,0.05336999371339213,0.05092206255271908,1
0.1222656026990639,0.7399656973585496,0.5110452996429284,0,0,0.49492104195302006,0.46283875401978186,0
0.5687267478894334,0.6045080157314413,0.9580423239455518,0,0,0.022918713446364935,0.40154577982529244,0
0.8016831558764054,0.5937743377435987,0.09527496604134546,0,0,0.5556020947072545,0.43320680112404825,0
0.7420897821109753,0.1699771951677922,0.42920542996707733,0,0,0.40476572897005625,0.8914922221908468,0
0.5194347373789735,0.6845598870479057,0.4208519711149053,1,0,0.1207275760144998,0.9853203492749965,0
0.6137376415681858,0.8578617598193377,0.1362904992543993,1,1,0.9281770888627793,0.10950603564685069,1
0.4766874501556752,0.5948683956927534,0.6318341159473586,0,0,0.580017486394284,0.12816990934106653,0
0.2054151855035922,0.24232575098225903,0.26184346314897544,1,0,0.46303467329376236,0.5325008522161947,1
0.22574678092757092,0.6297639947919366,0.3458979875385896,0,0,0.5029936936452425,0.12849426473626124,0
0.2473386517206211,0.892391776270619,0.6129422478202018,0,0,0.28712263577174457,0.9643554861265378,0
0.022415336787483142,0.4473890149744301,0.822273843789571,1,0,0.8843908351848306,0.794465714142111,0
0.6931409954841357,0.9895979786635839,0.9027807627590781,0,1,0.3576220454099468,0.8059475151583488,0
0.05534439776083552,0.4447152984723796,0.6458490555902405,0,0,0.6195052669377473,0.7380742142463257,1
0.6380316927547753,0.31566255787391534,0.1794206736943345,0,0,0.9998162906285157,0.37009215745862317,0
0.9393059142159179,0.8279138061229822,0.8341714555478557,1,0,0.882669495342013,0.5018003847847199,0
0.15606083646798172,0.6380983336698726,0.47330766562499804,0,0,0.6266108656260205,0.12834828769323198,0
0.42443516243110035,0.8936211420770102,0.8386916764734808,0,0,0.8954783755737624,0.22618915594002204,0
0.8038572431336211,0.5078189094072311,0.9720372533930373,0,0,0.6723522310704074,0.119276760505517,0
0.36927747000373745,0.23531141524730015,0.684355418364844,0,0,0.17100503340680714,0.7512863374751699,1
0.9289816632147554,0.5188217213100774,0.6146668966353035,1,0,0.68144620609745,0.5687364592909145,0
0.7525207844696166,0.12321865871661367,0.9120425226781671,0,0,0.728060816976077,0.22524708125955345,0
0.9825095434785499,0.33329828278743734,0.8814337394162401,1,0,0.5944447749300119,0.12739871823866916,0
0.4629603883445945,0.9668812322779771,0.7041205886545224,0,0,0.5279234231698343,0.4764830651353163,0
0.7110208506803977,0.9627570989420943,0.656463831594109,0,0,0.8603120755511964,0.06896013408853174,0
0.9299444748687896,0.9387171035940303,0.11458619282117628,0,0,0.6991587012660683,0.6331479847462629,0
0.8309819737055534,0.18109223880981207,0.5351458471206855,0,0,0.3882100454004887,0.3061320980896088,0
0.45807866855783513,0.7825508859367349,0.3835317907028238,0,0,0.881992960335466,0.08201753361219877,0
0.9707129716683678,0.754349817907105,0.36081361299854825,0,0,0.2683571596527863,0.6978021402058205,0
0.025409206181303753,0.4517120314596422,0.8021099925664825,0,1,0.1696832623469991,0.49397394990300597,0
0.10465386862606613,0.45931715971781645,0.3242182035154427,0,0,0.9240765123694874,0.20401578335483478,1
0.7684718269218528,0.002171457865521695,0.6447940962660572,0,0,0.7566910209783494,0.6168453960763016,0
0.7704412729681515,0.0899078609910275,0.14542755815203048,0,0,0.21251236451711514,0.24802361745829116,0
0.8862630495977311,0.9064140077309252,0.9288293301685849,1,0,0.1330276315826142,0.38437020303894803,0
0.6402724252515091,0.9201680698873369,0.2998568313606826,0,0,0.4274980078316632,0.9982066843204325,0
0.5959504272607694,0.5225967821419802,0.5611088852219281,0,0,0.43274387127040914,0.6346340080132857,0
0.025931232046685546,0.09162505268924162,0.47648332050644016,0,0,0.7310187903118519,0.45955359654482725,1
0.7113095214647794,0.29010217414712186,0.6852052790148543,0,0,0.2658230913132916,0.5283464451924871,0
0.06035910264863635,0.09495512787121585,0.21297583984388274,0,0,0.2656676421397569,0.3491750867960148,1
0.18343820231536265,0.7393424562875706,0.1993660249759007,0,0,0.20968667837378233,0.3395408711246228,0
0.9634630286738028,0.7026803851354662,0.33602868361948135,0,0,0.07774360061237319,0.766311625981382,0
0.5653727311155793,0.3521188621160737,0.27571775276895055,0,0,0.6455455960954811,0.06848553338231328,0
0.08487056894237997,0.8350833485450304,0.33087066545440985,0,0,0.024304746825821403,0.6739268402406631,0
0.24210392169537703,0.7310486919598734,0.6870003706034351,1,0,0.42375453618533987,0.2816993934922452,1
0.9601098414538087,0.6475991758933338,0.8805563935180133,0,0,0.15852583482482951,0.28630701963736477,0
0.2785689811468144,0.03248339382828819,0.9179965676243799,0,0,0.9587576856762191,0.08159992994377668,0
0.7080953814747252,0.7574619398011508,0.13357019870528675,0,0,0.00584442743636449,0.15572225183766908,0
0.19025166555784834,0.10326842533504045,0.8836215627327085,0,0,0.17142490739125493,0.10847823184636096,0
0.09083363839619911,0.3291409316149891,0.16630999650333134,0,0,0.4904897361955832,0.5635094022440286,1
0.5784262214018224,0.8152074037693794,0.25667108206267064,1,0,0.30862270772510186,0.8400642259103013,0
0.35882018349404887,0.6834875414262044,0.22973260981209748,0,1,0.03837137563318005,0.08626759968706599,1
0.35763111777520085,0.17237157077675108,0.13294181869039304,0,0,0.2341041971392946,0.22204436087648755,1
0.4222146814312389,0.5301370478249837,0.9527091479440318,1,0,0.8254737047907781,0.000760294101087855,0
0.445342879652269,0.5732017635762565,0.832554407192919,0,0,0.36753239944524063,0.005238027380288224,0
0.4960159119695815,0.32220044820059246,0.9390961911021967,1,0,0.3619559933925908,0.4542779964582094,0
0.7789533373382908,0.9842547064632143,0.8013837620576737,0,0,0.5640123245185372,0.6281339288612202,0
0.35767785503109534,0.690406002977305,0.394423844935914,0,0,0.05235999838180658,0.5234505046474656,0
0.3049111063458366,0.056661072274700554,0.4050035167729127,0,0,0.8822205565480177,0.8320241333705265,1
0.21390603329037083,0.12668774061191268,0.22329679363449892,0,0,0.6225943785247359,0.19070028719451737,1
0.8486917444536679,0.9454229567969136,0.7935704994653064,0,0,0.5484534130855584,0.03375732441066687,0
0.5352840382908713,0.06326274906182883,0.4377303687982752,1,0,0.061690039974214655,0.7103108462173533,1
0.611452214560785,0.5078734243011264,0.6060679050934547,1,0,0.35372069333159,0.41704227548189393,0
0.3833587284894652,0.41110405779390313,0.6962620611467912,0,0,0.2411860263046571,0.1123976684692995,1
0.25689833597649075,0.46144840182408325,0.23707040547371183,0,0,0.8112140286198362,0.6767909967210859,1
0.5245773642082358,0.5902266823875097,0.9944604643550812,0,0,0.09417359101617946,0.8692965428579256,0
0.543466121325068,0.021356985573770363,0.244131881213118,0,0,0.8007159404459797,0.48586209226160076,0
0.1062142570642422,0.21755626890091806,0.06592738497195369,1,0,0.8733418165665675,0.851334655428132,1
0.5822782652581165,0.6516846158420516,0.6917966217422281,0,0,0.38348129020856364,0.7362566213222534,0
0.17176045544892643,0.1192304844699742,0.36851029808006924,0,0,0.7436032856527567,0.20323001301062849,1
0.936350168751307,0.04263918281787418,0.07486191960091795,0,0,0.8425539491297348,0.5033703205011251,0
0.7517475063494725,0.7741995818973277,0.25162912365923285,0,0,0.6246901282914513,0.1731670922418353,0
0.49824164104945995,0.024076614980945613,0.7912380519935719,1,0,0.9368070646149991,0.4702032599045421,1
0.5942091253440542,0.4027862179622486,0.2520401983551812,0,1,0.4943924738328183,0.6002552421199563,1
0.07216275321336973,0.4927279703562765,0.7361493759681648,1,0,0.7852683828290227,0.36121077438110877,1
0.9604386597054533,0.6624641133615194,0.8210795697861522,0,0,0.9483576911141142,0.14168443542146492,0
0.013686982664598474,0.1065061398283223,0.48709526997775016,0,0,0.5249128185959482,0.6400963659460621,1
0.9121497756566055,0.8262204036638374,0.6910341115450485,0,0,0.05294417515279618,0.7768066567004008,0
0.11327081426676044,0.14259385452563095,0.659745630077409,1,0,0.1019696984782896,0.37197514835356954,1
0.8037463840192492,0.19685670877306968,0.36107045032371726,0,0,0.224102377475309,0.9454789890537092,0
0.17590281397858676,0.05726632952553529,0.5986849313615303,1,0,0.1818863459971638,0.8666948751163581,1
0.30912262415266734,0.7243548813585441,0.6794447842871921,0,0,0.9797686405011197,0.413460297189512,0
0.5600898370360012,0.039824835487465494,0.5922072626553991,1,0,0.7533755541130024,0.053992189008370384,1
0.6543365101151651,0.5841537575693204,0.1360930922771806,0,1,0.3806369714790052,0.46366304959233656,0
0.09806885117462627,0.5115712880462218,0.5642274380444071,1,0,0.1891030089523603,0.5801368695511537,1
0.2182689335753151,0.637845985206532,0.8272175765365903,0,0,0.04293125382828245,0.8726824512690521,0
0.5789029814086865,0.023868665259636466,0.30034449923355944,0,0,0.19024325572038273,0.5650619456208705,0
0.17974325250301337,0.7017336789881907,0.8362129228160965,1,0,0.21667139289687765,0.8090182077088557,0
0.4768037935044954,0.783017072719509,0.19754687844142044,0,0,0.042620150349748046,0.672196425012912,0
0.02547820369463389,0.7115396754194938,0.736714920181946,0,0,0.6571129344100279,0.369987558132893,0
0.448754371705175,0.16531817105139815,0.8575890355972613,0,0,0.39797942172222495,0.263288394183466,0
0.594592556032086,0.8733381760796878,0.8608234899863253,0,0,0.6626413112402756,0.21570885009762153,0
0.963115830727135,0.8058181165388288,0.31234718255593363,1,0,0.3944352859835572,0.2696297598095673,0
0.009047242608099446,0.9141749243992644,0.9620869067768193,0,0,0.6797368016380649,0.2873722521846576,0
0.21360180591970693,0.5325793705067631,0.812144028244274,1,0,0.4114436207310095,0.32333850852565155,0
0.6288530982816827,0.829295428236772,0.10378366900492544,0,0,0.40247251732662737,0.41075723681870163,0
0.3004836424590943,0.5127999306256893,0.1574112718182166,0,0,0.6640809684415683,0.25706835046824444,0
0.5513058159082239,0.4059138315105771,0.6510544070679396,0,1,0.958283055556989,0.7060881065812332,1
0.031091261683970466,0.15087811242796123,0.6364550527906255,0,0,0.09411871043116607,0.19147690605921763,1
0.410103011241642,0.7751427528090924,0.3400413710454891,1,0,0.36602197477407367,0.08213406138445106,1
0.6455578884852553,0.06945487415007316,0.8722834068331657,1,0,0.34113945413993185,0.7607462866513461,0
0.8439723747629464,0.688725366644164,0.7787168225285204,0,0,0.6479998017542141,0.10924125134016283,0
0.25131084343427806,0.7663604639574553,0.3149974934061109,0,0,0.19536897959268767,0.9771280955356458,0
0.43821955342410374,0.12545802746728732,0.5200888821631806,0,1,0.02157584753474927,0.5628181838924273,1
0.1134378650939533,0.647417435991605,0.6221412455491218,0,0,0.4976616768074042,0.6033049375811335,0
0.4535901101630846,0.8117781732480616,0.2195235243272162,1,0,0.9985788070536225,0.30213742460294996,1
0.9662569713906491,0.602305891693833,0.26682332464213204,1,0,0.3142261285900794,0.8259927587301787,0
0.0011443290739452413,0.7778727286932072,0.2525206853861169,0,0,0.35192255421196483,0.6263136318995701,0
0.4554054565528737,0.6724577231783103,0.7669873403156138,0,0,0.07587649077710068,0.9148742005676473,0
0.11792319668072634,0.28701763782254314,0.3996551475833237,0,1,0.8104786868582541,0.5055961019103767,1
0.6170622644649278,0.7029850951956651,0.6764757565251953,0,0,0.5942146147833496,0.9131211985304211,0
0.10357814710410504,0.690389345109472,0.6511422417537062,0,0,0.3023576967261052,0.6322365517689716,0
0.5391664705756112,0.13506339832551983,0.9471003868737953,0,0,0.24614133161484292,0.7036498636041877,0
0.9742101390000538,0.6132277455974671,0.9532324543359475,1,0,0.4459086526098444,0.44547318572240885,0
0.6121997481617403,0.013341076599783917,0.3898828003440515,0,1,0.1969697247223157,0.012275715445261737,1
0.7724177859614006,0.24245401724274193,0.05078708055768975,0,0,0.2029123588300991,0.869855591143212,0
0.7197641418368497,0.3030287838691495,0.36381622284137083,0,0,0.4423208072269771,0.6756233605961135,0
0.8492428471449065,0.2853368260317732,0.6399929471729338,0,0,0.31686462148509337,0.1636057104517215,0
0.39672771692020964,0.2859307285416925,0.5454385548305016,1,0,0.8985117628557674,0.32576940082701694,1
0.6349272482829859,0.7328574081734951,0.8797289228044755,0,1,0.4292457033468101,0.12768144683604088,0
0.40227488087441865,0.32663080399100203,0.2987094406255844,0,0,0.2583499214970272,0.666731499988559,1
0.2654654674082789,0.043291821110219356,0.3085811072493711,0,1,0.9182955907144738,0.5710774257879956,1
0.1460246422721086,0.45650733021083517,0.2932080857874286,0,0,0.7918409249621511,0.052997589205555695,1
0.12237571515298876,0.7469892778080047,0.7175178228990468,0,0,0.10180563370451298,0.13515001382492114,0
0.02744587960626275,0.26876171656161907,0.20629414868382961,0,0,0.33160824716429854,0.12487459539141776,1
0.4048147372531275,0.7378487949985638,0.8468814726089958,0,0,0.7839848265947399,0.21250424830954745,0
0.9302551022369823,0.16809760442245011,0.8537712257478968,1,0,0.5979962933615219,0.035448619268393045,0
0.6013147509811161,0.44225193120049866,0.1377189471864901,0,1,0.5253198253331937,0.18246513923252344,1
0.10712649422371355,0.5969301004301943,0.37425993689680026,0,0,0.26241656403280184,0.08237099199911396,0
0.9652610217523597,0.8857828373165763,0.5348282946831479,0,0,0.2804545098234269,0.6985813911749121,0
0.7431641437652294,0.06793166600813141,0.7425780429478375,1,0,0.5159767520873576,0.8877829084149811,1
0.6154056428916789,0.12269596911809896,0.818349483431765,0,0,0.6024857035910968,0.03659305518067296,0
0.5998235332215015,0.9605447036854948,0.9314084906665058,0,0,0.7186169039679053,0.01593693018491532,0
0.6080260443459579,0.22490465177296928,0.9365728842189374,0,0,0.30724487251752974,0.4157872747187759,0
0.9217048046057873,0.8563208465386883,0.2445585368314889,1,1,0.6678929447029063,0.7665967634676836,1
0.8320067583670775,0.386059130894422,0.6682270237583966,1,1,0.18915122676675147,0.49043899930028795,1
0.9538107918507274,0.01854796624129583,0.5642508268135281,0,0,0.1579833267631629,0.14934250334724808,0
0.7045696478688824,0.03421312343690249,0.6369252912531597,0,0,0.5248287669685227,0.18609192811962583,0
0.44213239358109496,0.7945693102848482,0.784367532081059,0,0,0.9756727951511617,0.7804006739658693,0
0.09255170772741562,0.228007078812736,0.784536197579016,0,0,0.30332539965729527,0.6752954102708646,1
0.8615829701609132,0.2580309097701731,0.07445005917496392,0,0,0.07523422342506621,0.49129585478957033,0
0.21703405063592537,0.9617083647704131,0.3859165172268562,0,0,0.325617230858916,0.8225333372401216,0
0.3098959275102929,0.6666967363387983,0.4216730063042356,0,0,0.06377107040958338,0.9667610565985347,0
0.152709735084925,0.37065014646842637,0.48956058600928026,0,1,0.09595765111243783,0.49515349120599744,1
0.9996140965986217,0.9622091500689226,0.7878916704950439,0,0,0.6006939410195364,0.3608570629775604,0
0.9522739793303934,0.45695832489345944,0.1266737338164044,0,0,0.7940246923334673,0.748040221242954,0
0.7933425057792266,0.7581076047003595,0.7359088547429024,0,0,0.5327749273408208,0.7026161600798608,0
0.44565308751230537,0.10622358765420933,0.04979181446872934,0,0,0.093524875959556,0.8951585322637239,1
0.7939740672416177,0.33762558452004815,0.1022146438795953,0,1,0.34786220381768973,0.7021308809614022,1
0.8643961471053959,0.05108553371976889,0.7754511735017253,0,0,0.9803489282503349,0.5030826016709229,0
0.30612216572997775,0.6635649365164935,0.9078406533672525,0,0,0.44006431659130335,0.7037364306302425,0
0.03568689641759077,0.03191830597721592,0.06714123377194509,0,0,0.3724403085930631,0.28935179383009074,0
0.3935477954985087,0.6096997001173016,0.5943998915821131,1,0,0.09347558828753674,0.6249716696344767,1
0.5010596040813208,0.9065139012642935,0.6576948403019508,0,0,0.5085346915392357,0.166462885833975,0
0.9214600824912675,0.14713993965658528,0.8018213200931891,0,0,0.4105082149954196,0.3940315661136902,0
0.7394459721099761,0.7572964231743973,0.37155202263619114,0,0,0.26561632641678223,0.22425073681016983,0
0.9285886616522202,0.7592126483463647,0.6200479607990459,1,0,0.20175842792272056,0.4077282014701002,0
0.7961563046883589,0.9077830171771223,0.9134676953677612,0,0,0.5913487966843044,0.8775573193311488,0
0.4155386055998084,0.25873552030188507,0.3573404084094462,0,1,0.282187038388644,0.36281504095932166,1
0.07251530532653355,0.18961994397965962,0.0645980512592723,0,0,0.9484160355857078,0.6700881937079659,1
0.07783292813392109,0.29764171677139706,0.3271845466268748,0,1,0.495926409339749,0.5354841411680704,1
0.8939526371906275,0.25723887296226755,0.895995940129661,0,0,0.6555949891421405,0.6029806716997039,0
0.946956739265803,0.1929647006226664,0.8713004830519168,1,1,0.6481442643032057,0.3936532381096643,0
0.9862891919706098,0.5690058682879776,0.42964438039767083,0,0,0.4985779067543462,0.7067131580729364,0
0.0481633836119204,0.0014020059543725066,0.2655234005057279,1,0,0.7753974662816473,0.7216931659167274,1
0.09938992731695659,0.550781510870066,0.07318418372232798,0,0,0.21529375374360793,0.10936229338145698,0
0.03304442618617566,0.5299627532912469,0.30934992497405994,0,0,0.1557533324137085,0.18111801487443874,0
0.9239328076622013,0.7644781034461682,0.13210970167580896,0,0,0.5744968564260591,0.650792292165316,0
0.6086228766228235,0.39750172647902837,0.9730555348787152,0,0,0.3722490715303676,0.6055910558003859,0
0.8901698821192466,0.6071439130280234,0.3354746534190445,0,0,0.22532098389005684,0.7717038266527487,0
0.20930588220679572,0.2783387165672692,0.7460315121091153,0,0,0.8021529095327988,0.676779431413369,1
0.7426191951131447,0.5242009994046218,0.8028484595460231,0,0,0.7647570170094868,0.5998019434405464,0
0.7492555686525415,0.9039040560692088,0.5868761100528473,1,1,0.7733232539597247,0.5776156348961725,1
0.25891370107340356,0.9307494921406027,0.9274847783994056,0,0,0.9780656890909176,0.5487455084903743,0
0.8214736014077885,0.39073744902503593,0.15434505393000783,0,0,0.8019387578103624,0.9337959399510214,0
0.679805429192203,0.33847463371281217,0.9207722862083976,0,0,0.44893700749946713,0.07128396691606992,0
0.8112183745549857,0.8987186346925643,0.2161989159779925,0,0,0.4594598720344488,0.11440657184500441,0
0.05474180411653059,0.5979261229912346,0.19717120729592133,0,0,0.021217733413729036,0.6641804749554572,0
0.13103465178379978,0.3806266537300793,0.12975579367454493,0,1,0.7759347859235226,0.8196415909051518,1
0.48132969064693304,0.3104575219289058,0.6041022450548136,0,1,0.9841931580613341,0.5235787503275429,1
0.6265291678976147,0.24852015502519909,0.2688268838219359,0,0,0.674210872740966,0.8714311274334645,0
0.44455248533696595,0.953336475384084,0.2911078817412469,0,1,0.6288932613994315,0.18046347337020446,1
0.7728592496652897,0.17041865712105697,0.45861010823217985,0,0,0.5742184903272224,0.3687327290608576,0
0.5139350602393203,0.8744435448209585,0.7985874520020849,0,0,0.7458831874007777,0.12135751066689021,0
0.8642550251823647,0.5667024983546004,0.7353432219395342,0,1,0.3923335905881704,0.9015470161902224,0
0.5219051570429917,0.3188804797824192,0.09996861637875973,0,0,0.12403296542399483,0.9713678344671919,0
0.5648622001224475,0.3983058880336014,0.6132217598014487,0,0,0.061754975660004624,0.27294803457063205,0
0.2986073467692716,0.3565176779730298,0.2827556876438064,0,0,0.16820088634633923,0.20715819745720898,1
0.9360840930423698,0.5060568696751586,0.06734586656759221,1,0,0.42735660797179165,0.562341435343378,0
0.15203481967026503,0.05235034914402663,0.9508295075693209,0,0,0.4245004430487845,0.902697487540209,0
0.36768275737441125,0.5564948947895226,0.8742782009302913,0,1,0.7898483876450216,0.4198398354636243,0
0.7832084094100993,0.7626523854168362,0.5206134520419236,0,0,0.71308178939878,0.7256721838127242,0
0.556734290819236,0.24263702222630548,0.734107463113182,0,0,0.6943533949565232,0.40117027598801064,0
0.18492838617465943,0.050506735419023265,0.024194601283547734,0,0,0.24053279507141345,0.017887377466226928,1
0.3709226980545863,0.00507820508599223,0.9410620685407456,0,0,0.5653846812612711,0.661226050607997,0
0.5223649678650815,0.6160802829480759,0.47988814740802527,0,0,0.30245631575658477,0.5464822480381923,0
0.31816132396843844,0.002134160098689503,0.8465383372738484,1,0,0.32524217630344204,0.5645789852622791,0
0.8121068672986286,0.3719498965124588,0.07498408336189119,0,0,0.5474123204569856,0.2472416548310436,0
0.6127482829922762,0.43119689837170166,0.2647535105299338,0,0,0.14756645815704175,0.4680850018952966,0
0.4994703418695856,0.1867432516886051,0.023042469393106297,1,0,0.12838057794352686,0.02014416498603494,1
0.41530218748417524,0.011148812145965099,0.12613953361604816,0,0,0.6105418823823451,0.9356744522438132,1
0.6804631260979472,0.45348786028744176,0.5640947546763543,1,0,0.3866204815253124,0.6795727051969207,1
0.24735571389514524,0.46863083314473786,0.2685732580675507,0,0,0.42371081886497053,0.714366888149178,1
0.8453810920625786,0.9492347392410426,0.4960482490872213,0,0,0.9537983021721389,0.9717181212720287,0
0.02054195853383921,0.3297567904707458,0.04399229702628619,1,1,0.5673135458366971,0.8549844463307421,1
0.624865250370144,0.7861319592551544,0.1047720509729007,1,0,0.41116303825608863,0.978008499792733,0
0.4558496019241893,0.08811858539242708,0.4379701370510581,1,0,0.022062396518627157,0.2801008869015102,1
0.17685109325083856,0.1920713599538279,0.9728953825333645,0,0,0.11563154833042087,0.265245147343986,0
0.25472700223091976,0.7298625467471771,0.6070723493459387,0,0,0.8694375252173915,0.9799905479368267,0
0.30007194687408056,0.7740119180265169,0.4479569980201229,0,1,0.6594668455290671,0.2707434202397882,1
0.9155435198917937,0.13381872342545725,0.33304678109756447,0,0,0.8467406139212237,0.4788396420895124,0
0.8653584077454339,0.5489180448240496,0.5279862846514397,0,0,0.627615872814925,0.5142102418569359,0
0.21530495299238692,0.12184527903444788,0.3179012419882208,0,0,0.6240149872829577,0.3216771471151438,1
0.12784441727916854,0.05255846736556571,0.46516495123045204,0,0,0.6399176399192837,0.26449926539456897,1
0.42844845560504435,0.8040034396338986,0.029331046495328986,0,0,0.30768645629951746,0.24206999766481063,0
0.7260406785390664,0.06509860342727783,0.6222002066658235,0,0,0.671097796444141,0.27466331920579184,0
0.25454459100091786,0.3489229281140144,0.49795996560566075,0,1,0.049598966800277706,0.17550226320569773,1
0.2791741231166717,0.25624000954082893,0.8287109444305112,0,0,0.6208140094907253,0.9970210512053339,0
0.028273913538241668,0.5077824156282849,0.8648943327633389,0,0,0.8459249527511107,0.830764645074678,0
0.39547830897691433,0.8999900063096464,0.16587500841380518,0,0,0.612256540574362,0.08314370097982654,0
0.027777504312240596,0.28383503817773253,0.45682931268471133,0,1,0.7085817683759487,0.07054467293728878,1
0.18181161042078503,0.7586040104522896,0.7185650309909613,0,0,0.8140916400284283,0.33899641056793867,0
0.5401211500445153,0.4725127649943849,0.14900863807781517,1,0,0.551771195045015,0.7560396106113425,1
0.8599709080449291,0.9588147705562592,0.6961572939747166,0,1,0.3542832021778871,0.07818028451564457,0
0.40955320557258884,0.3678498305474075,0.8780932810325592,1,0,0.42934336881198476,0.1813820339008566,0
0.5259663667112155,0.7647011699460452,0.34296086526057096,0,0,0.22981428735634235,0.14913264522963948,0
0.4019869859399201,0.16364428106930703,0.6068123438324436,1,0,0.8232264116141222,0.07987714591711204,1
0.5410318605362049,0.0800062556612043,0.6585014964711084,0,0,0.42751112633653293,0.16704065971745302,0
0.2552489403718219,0.7728910584722889,0.38266460796430607,0,0,0.966240862023964,0.5598678800238024,0
0.21315188733122775,0.13985665314221316,0.45813467552413883,1,0,0.09336629385981372,0.514809409044092,1
0.14590514859361664,0.941626154876106,0.7029717464908555,0,0,0.8521298659491437,0.8923207831076745,0
0.9979358022742938,0.23922685684376582,0.6536234275904803,0,0,0.26111799430409577,0.24061350832859352,0
0.0919505740097992,0.6968363093426284,0.4810946469869588,0,0,0.947509494490981,0.6758328217225522,0
0.7812450550644038,0.3664368141612823,0.17101434415554767,0,1,0.08798065941364358,0.9244473155925723,1
0.9450252423649832,0.036108263437747035,0.6603334462871919,0,0,0.7728105113929375,0.5024898227799757,0
0.9711677828242824,0.747129900562002,0.5217585058406135,0,0,0.08481695276395793,0.01893590825237118,0
1.0,0.7818651721401215,0.22712681309257923,0,1,0.24200073597285648,0.3186982690097127,0
0.45009908862961173,0.8367397629823801,0.6533314680562817,0,1,0.3284151070649512,0.3130562936060797,1
0.24281816656917052,0.6313398207805815,0.5915769875919678,0,0,0.08017134107588231,0.5299029071915047,0
0.42287224828050984,0.04674010466257687,0.1208433601648822,0,0,0.8389555707680219,0.8397693041119445,1
0.12882941881807938,0.18046195046773328,0.8555416653004894,0,0,0.9269567751799298,0.705371468849465,0
0.5609907725190667,0.7211079924304064,0.46859098576600544,1,1,0.772693340918119,0.5872262204006529,1
0.396711188903663,0.4704115336235071,0.25259424867795266,0,0,0.7144769971407301,0.6222205324456942,0
0.7998153305488264,0.2762091397654097,0.03478320395972413,1,0,0.3982496128691606,0.11774143392580094,1
0.5791958491255896,0.5581289493860693,0.7408665212807796,1,0,0.46377952754753493,0.5630508083696406,0
0.99948876723286,0.8501615126272501,0.05217508411248922,0,0,0.36476159857814633,0.1455766876503421,0
0.7814105899751591,0.8084912816442217,0.23363362554568565,0,0,0.21862914756723748,0.9441501733481921,0
0.13568286434890456,0.2586197960354444,0.3955927714264591,1,0,0.9334280687794398,0.5452421021299023,1
0.25995855398552065,0.9745877920192455,0.3835660933598661,0,0,0.8951375243006687,0.36277739530961556,0
0.9747896364616625,0.24231850133118518,0.27759094702480885,1,0,0.2489870788348095,0.759497871763603,1
0.31717866679884693,0.738790053898825,0.473397129171846,0,0,0.24246217338289686,0.9531084478351053,0
0.0014733557258349162,0.679959255976153,0.34501979277488953,0,0,0.4380591602709131,0.01797471194697714,0
0.04343269468223512,0.9746841202961088,0.7959721959903857,0,0,0.4889891944839329,0.4555660579732535,0
0.5678811025151013,0.7057057454052511,0.8145200898401305,0,1,0.157123849348372,0.9000194266397121,0
0.5531736412147673,0.3495123052272033,0.8870350455875495,0,0,0.24027909774070727,0.20920135578843002,0
0.6378307811553455,0.8735488811185732,0.4183143339755153,1,0,0.46929382357364485,0.687303319420999,0
0.2062310397900117,0.35273137069877514,0.8699760460527468,1,0,0.30365443354893423,0.4780959099015741,0
0.6025708446933249,0.8887735268505399,0.15640911932773516,0,0,0.3560153741779533,0.2669610938483296,0
0.7437995720723476,0.6498850977822772,0.8813070313643709,0,0,0.8562847162739495,0.1959017615281094,0
0.5784187143792546,0.024134599670952644,0.7097264609148649,0,1,0.09644589079198976,0.23786877516307225,1
0.29680528274285684,0.13849789905671056,0.2900152522212136,0,0,0.7630051205174113,0.6174811181442195,1
0.39386685604642324,0.7439538922206819,0.6824506071352345,0,0,0.057505103350410786,0.08420514373964044,0
0.21783656408948546,0.3056630444039552,0.4370079257957681,1,0,0.6847395602915785,0.6792768244978822,1
0.10325613730021406,0.1627374430204939,0.0717051601529351,1,0,0.7617938382844104,0.07097547527067316,1
0.5038162435439204,0.7100841092550318,0.9511650545740603,0,0,0.480522636638076,0.49188715103556885,0
0.19088852969945774,0.8762306580203424,0.5551092346475204,0,0,0.013176988173289326,0.19452673923779273,0
0.9378344903119068,0.9527051320053352,0.7945150884976276,1,0,0.2863569102937347,0.4435368586103395,0
0.9943202295493226,0.7695035589178507,0.6521293296738441,0,0,0.20338346957895748,0.3532426713548506,0
0.013851998062043359,0.25056931139726685,0.9826558048056768,0,0,0.36830010287488085,0.5908829804641209,0
0.13956652092956967,0.17861684905644035,0.9827359513421576,0,0,0.6915757664222385,0.7369286519841045,0
0.6110941243087481,0.7620201349331143,0.9024655347226971,0,0,0.20472343258207273,0.2028988536058962,0
0.17811599714987625,0.8232453591644125,0.7112265414173714,0,0,0.7094738603743117,0.39070690856463514,0
0.628328797120659,0.8709779470349851,0.42804239687018886,1,0,0.5167472759697888,0.1996659711311356,0
0.6673145119107212,0.7764559732949383,0.2656777326124554,0,0,0.4708767601349351,0.3181939857742753,0
0.4452108372792543,0.9999999999999999,0.8113354234972173,0,0,0.40219656670530785,0.5577930966677942,0
0.87069105108332,0.34728316560714523,0.005097053968150902,1,0,0.32603096220266525,0.5157951313053244,1
0.9523594392632823,0.5639878460869578,0.5632056534729999,1,0,0.4350377561913806,0.5490975395617042,0
0.9739940415600724,0.7537529763060673,0.0397150622440241,0,0,0.10980940063793948,0.050770989794502674,0
0.2404191556251077,0.7125351052235133,0.2609566011567675,0,0,0.7601309346046509,0.9716342641244293,0
0.8124007816993787,0.150127340612289,0.9670392125765794,0,0,0.9132567341880138,0.2732540137448822,0
0.5780138186464694,0.08108508383011793,0.1022401939128508,0,0,0.46483193546604434,0.43657356483293447,0
0.7275636900767615,0.1757686961186426,0.4030019897097544,1,0,0.9116404006567643,0.9528430165445756,1
0.9353342293373268,0.09381346491974403,0.8009761041203318,0,0,0.5094198493894214,0.4872369868147854,0
0.9707544602999472,0.028685942649775392,0.8060826019194738,0,0,0.5132549863964331,0.02061783191078015,0
0.017139520740159665,0.38356181024984637,0.7569417836995018,0,1,0.6619186213235445,0.9286723509555186,1
0.2548802023614405,0.00961921310895186,0.29015898647560584,0,0,0.9562465312028589,0.3014039687382885,1
0.9352608018705054,0.3965636292043577,0.9507430105432413,0,0,0.703596572126314,0.2770349843528664,0
0.7967231514370633,0.06588348497412734,0.051828359387460776,0,1,0.26233980928656836,0.2045643863135055,1
0.8159982353406551,0.39417593027126757,0.36834208495780235,1,0,0.9677777153708867,0.31894152513122925,1
0.31256510793320824,0.7959588025165845,0.052066914343491935,0,1,0.6022614822910927,0.6856055277351583,1
0.881846126490948,0.08068788564833261,0.19320301598702513,0,0,0.2778552181041125,0.2509978106717619,0
0.3656733784464758,0.8834030165477927,0.6724955456622911,0,0,0.9731059023028912,0.4118310234998827,0
0.22136637964639377,0.8017680793469167,0.58744546314718,0,0,0.5215684507852986,0.3611206205325502,0
0.9725779812711982,0.6638393804600918,0.5871428589281724,0,0,0.8856599204352296,0.29696989456570505,0
0.019705011045714562,0.44690450262963266,0.15891774978987158,0,0,0.664233426451966,0.28230910611304677,1
0.1524769619785526,0.591146434072333,0.5445867956593418,0,1,0.15447220598642006,0.3144629919130752,1
0.7748574263964239,0.5227171598658475,0.3574386517772805,0,1,0.8600620018384133,0.5508459620140171,0
0.005323036492445338,0.9748098066254995,0.5340664444493548,1,0,0.5146400669514111,0.6263902740518561,1
0.945490661105463,0.06981448378436825,0.6289374938395201,0,0,0.5184783908065828,0.7748167807912698,0
0.31409721766411725,0.08314736849434201,0.26357999859074327,0,0,0.9551651059330314,0.2926381367401056,1
0.21396587324630378,0.004409328536692054,0.9880087208346684,0,1,0.22057333471199905,0.3533793209697708,0
0.16441619657135953,0.5116386058355714,0.6490972939158879,1,0,0.6704202023796827,0.7405200584152658,1
0.4542400320260978,0.5588238164078734,0.7440774603030982,1,1,0.504130897312862,0.7975073647543744,1
0.9168445961797029,0.44092622384364105,0.3906903763920004,0,0,0.35066493142636557,0.07571636914329072,0
0.8729208726702669,0.7452832533433941,0.5986029485811717,1,0,0.07929319256372007,0.24223459164410355,0
0.05795923647501143,0.6874233851632396,0.9008957681126493,0,0,0.11475297003314601,0.0887527791977577,0
0.08877770999469291,0.6833366044646306,0.06296543005126296,0,0,0.38998893658562495,0.22609974701229812,0
0.15482240329641317,0.39226580304992137,0.9066460730785834,0,1,0.7020354568722272,0.06752531311633414,0
0.04982081465679016,0.9407250333825765,0.30686522629005747,0,1,0.7633386286607327,0.5478645581622543,1
0.6938487770653174,0.19767956399936404,0.6939753284624287,1,0,0.5402878468778235,0.12201413036740555,1
0.593004487791632,0.3101164018788884,0.09181878212452194,0,1,0.7080236217421412,0.538330251634237,1
0.906765845147266,0.30085630557641313,0.8010851200946012,0,0,0.8412422636643487,0.1547607645463961,0
0.3526247989525166,0.447245505381644,0.5082185468341258,1,0,0.7778042583389252,0.4839305715601612,1
0.24191444544447208,0.7650284672128842,0.446612805708355,0,0,1.0,0.9249395625303136,0
0.7273966199514837,0.11482231663102045,0.38813444626078986,0,0,0.8161616524943772,0.4714914631681551,0
0.16812530788299881,0.1987801046974386,0.2516646896657654,0,0,0.9684335868372438,0.41216179824163784,1
0.877692181026409,0.6333590070567515,0.6562338598947249,0,0,0.869765370109561,0.3546500175881054,0
0.8603699518065574,0.48057722823893795,1.0,1,0,0.566464684726926,0.9849065717125489,0
0.9122109566699277,0.5025792536358062,0.4579544287145457,0,0,0.11512058729341797,0.20739542013463858,0
0.9050296912079828,0.5825071598755683,0.011487905766458946,1,0,0.9340627348545559,0.2435536091186023,0
0.2873761641719433,0.9528937716239011,0.5144820957887614,0,0,0.8700380950786412,0.9816228850950723,0
0.8574607059997482,0.02433572828648986,0.6912710515459717,0,0,0.8486764507282805,0.1489406646596319,0
0.9747886762238711,0.22434619972985423,0.7388669785107416,0,0,0.602760773782124,0.38091172954496383,0
0.8405427095377741,0.14888001672060724,0.778590114444185,0,0,0.9992569882749194,0.97858371181116,0
0.9163525448845247,0.9251979731277583,0.7487385242438511,0,0,0.33528789183121055,0.2160048118297644,0
0.6695640019887236,0.7825920725789767,0.2088345281194768,1,0,0.5522409252594946,0.5968029526570089,0
0.6948573220218596,0.6309469914271237,0.9646867870399034,0,0,0.09388706068639477,0.8776916903246175,0
0.32290612621818665,0.45455394743300503,0.03397641609394268,1,0,0.2570536787536603,0.8500553150314012,1
0.09484138833904958,0.8427531693584477,0.10605096328964879,0,1,0.12431073037508322,0.373715644322087,1
0.5271452646507231,0.6460211275305927,0.4120311194369322,1,0,0.39528008454631325,0.0660526495878625,0
0.9491342382459731,0.10292708832649572,0.48765211593915464,0,0,0.18890907670025148,0.910612494444712,0
0.0831326664148495,0.13971371292019866,0.8922359099321868,0,0,0.3414340195457586,0.6005787636368123,0
0.631330050189583,0.1384233643652643,0.05524823954071581,0,0,0.6498263561664481,0.46909303837197075,0
0.7143824131543257,0.18228908344162664,0.010713727985915687,0,0,0.5746204476473245,0.0198182019805348,0
0.544010752468894,0.9671254982983465,0.09509702633989829,0,1,0.79920958014224,0.7241404912585023,0
0.8520978303780732,0.0729316149310501,0.900540256492287,0,0,0.1753939092581478,0.4932032827351574,0
0.42052727452976263,0.5614420513744998,0.9436203630834307,0,0,0.5021693333391737,0.8527650308655519,0
0.690790755011567,0.7871347098949275,0.9070678005128828,1,1,0.9982772918305276,0.11606315256457989,0
0.3464336885258004,0.7757179896501876,0.4942174329321669,0,0,0.6222546219411561,0.5088913562175195,0
0.46605338247323197,0.7207459558431972,0.35071061901731293,0,1,0.21662285155795719,0.9027420880953483,1
0.6145828248570168,0.37637726272713046,0.9075815529417933,0,0,0.7180796243985118,0.04780635843532838,0
0.7447398600463823,0.5916831461352403,0.1468364624667777,0,0,0.9768494606192917,0.5432006958551348,0
0.10593992583417947,0.594474451821829,0.8627787111799323,0,0,0.786916203785777,0.03592116585834226,0
0.0630399335051499,0.7154743315740815,0.2434520505860916,0,0,0.5870867074993505,0.17890034600056648,0
0.4921109578325748,0.7054783443011239,0.20590794008127436,0,0,0.9195230085512698,0.7099329302196122,0
0.4989576607644108,0.604242699456718,0.46563258099216975,1,0,0.43317892007580167,0.08944739012607722,1
0.374821106711386,0.9443857163354512,0.35261903807085065,0,1,0.4278068912443156,0.2850601109089645,1
0.4902593667605502,0.93289915111458,0.20659809809104984,1,0,0.299632547393155,0.07680315570237473,1
0.5305305442065866,0.09566829612130379,0.6188943801617147,0,0,0.36263276396886945,0.722701321159638,0
0.6965238364577113,0.08293812541609359,0.14238340394640708,0,0,0.5678742328471582,0.38510980298740055,0
0.482790402811416,0.1265754284283896,0.24054335996321918,1,0,0.7433387915135783,0.2677463115242727,1
0.6455661416356451,0.14991029849778242,0.83126857276833,1,1,0.4686998552270078,0.30827241274101674,0
0.4946562467271994,0.5613439343041879,0.733759339834986,0,0,0.2894448276917685,0.6751938675299045,0
0.790700028898881,0.7478281698359531,0.04939026123807839,0,0,0.436732573651294,0.08305412607598767,0
0.032736080651968896,0.9629696860328053,0.09010126325785904,0,0,0.8033784034125855,0.2512971684389999,0
0.9080586387631591,0.20173206768106344,0.07604092417707256,0,0,0.13734273755937945,0.49026595215958463,0
0.971333825271677,0.8169676059921739,0.17519233249027605,0,0,0.2262201165533389,0.30993647248000883,0
0.4638378228007039,0.35085194873068365,0.057382130822662754,0,0,0.3681645819612569,0.7849998591590561,1
0.7237738372553938,0.8013023816426423,0.2082186108471019,1,1,0.9103315976044445,0.3061038207495908,1
0.046242492009344056,0.6131888575467916,0.5049969189374576,0,0,0.4448357032701481,0.4906959563656392,0
0.8490495009613686,0.3245722399136834,0.7074821880246172,0,0,0.7372207788136738,0.5196908453891982,0
0.8873433628458648,0.3763854175141111,0.575341490499911,0,0,0.47282863990881974,0.43518490545513616,0
0.560467030126186,0.33288265829644237,0.24217959886110021,0,0,0.8424660785470995,0.8816492068421324,0
0.3142724935076745,0.3202335050098851,0.5226988438577002,1,0,0.2632777954986275,0.37415720332676466,1
0.18122159240998484,0.7868639325385984,0.4864072291692162,1,0,0.24748213889390935,0.475611297903018,1
0.3805326631843609,0.6735649568328778,0.4744321163932992,1,0,0.6419030867772961,0.9641266528244419,1
0.8715684743072832,0.6763514563281037,0.04833853049024516,0,0,0.9061852933323511,0.11576361195040563,0
0.7679263772255982,0.03050176553969969,0.6594515597507512,0,0,0.7168750201022923,0.6958252322565293,0
0.13021043896805432,0.044417208176496886,0.21470995748326094,0,0,0.28334322021066877,0.9355988753187829,1
0.13102838758861607,0.8769271089306303,0.8451200147095596,0,0,0.07095976723198154,0.9110481571182318,0
0.6570698383073187,0.15761499067278778,0.8433267515995657,1,0,0.025752447622413712,0.8706720395944527,0
0.44697755002567846,0.8359129570037747,0.7697244616442013,1,0,0.367058014757528,0.40680851308002636,1
0.6998303891118963,0.2724641712534583,0.37694282492103454,0,0,0.607685631327481,0.8409819695471423,0
0.7354182928805546,0.43868513203195664,0.7432880257752328,0,0,0.0004253372790699494,0.5680489389581687,0
0.5976578905644891,0.2712476849782031,0.38036201831807226,0,0,0.8194915582135947,0.2647392011118879,0
0.9850208499691339,0.3368541801530689,0.3172289847318618,1,0,0.1755318130339257,0.2586455613788838,1
0.55052977536335,0.9541177325497499,0.24242626036535073,0,0,0.6979987358741842,0.4310088945586837,0
0.3671966171421069,0.9183204733495298,0.6050564232511619,0,0,0.4410425450246627,0.889878686197408,0
0.32742607873056556,0.3229543056958617,0.914004515776712,0,0,0.414007945454836,0.5796099901185285,0
0.4221578508177026,0.7071465661228301,0.7150918099801777,0,0,0.3123857314122425,0.17552374054079578,0
0.8018041942498486,0.7668280578530884,0.23859298831348685,0,0,0.7038014677007484,0.884950167914681,0
0.2981303461036792,0.4495471732406959,0.12458620565017725,0,0,0.5557601402404888,0.4925220040652278,1
0.46517275067377967,0.16511657066279534,0.15263909826566632,0,0,0.031414990754421696,0.16959176463174047,1
0.13977164103154005,0.20878454148153586,0.925358623388795,1,0,0.8105753918058034,0.07782772191066828,0
0.36674007391045205,0.26730605314594463,0.9378223520377541,0,0,0.0067465533900911865,0.7422335443267174,0
0.877774718759612,0.031322189238498256,0.47843853213538645,0,0,0.6299859569310323,0.8431597744862975,0
0.7152285423028643,0.4877340796362481,0.48044223025493477,0,0,0.1868096537545018,0.4082361779463943,0
0.8729260426522619,0.48705028687427215,0.5734224932791125,0,0,0.8204458569270396,0.5930205957510719,0
0.09619340423535933,0.30950337235251607,0.8672608518746009,0,0,0.32888760597604383,0.7304988985354364,0
0.17052034753993894,0.4611816332014611,0.827709960946385,0,0,0.5335195859829418,0.23868535266602442,0
0.6753819976590056,0.9061457805104892,0.40977072785936886,0,0,0.2403503938450422,0.38033355632530635,0
0.44820070993453565,0.4869303198531977,0.32434222101454124,0,0,0.750227890180464,0.23308389516264233,1
0.438072517974607,0.6482652460027066,0.8672610481588232,0,0,0.9071346081025429,0.562354879560659,0
0.17450672260632885,0.654286047614352,0.9690972556084976,0,0,0.35486638839382667,0.7849959867618777,0
0.9247616665551903,0.9121495971163959,0.6232287055985969,1,0,0.918218728582772,0.10656460529464912,0
0.6424147383292318,0.9238825369214904,0.785078378388343,0,0,0.1515468406597444,0.4211085992662446,0
0.1926670668687114,0.3543231787175463,0.06217065246113331,1,0,0.3579729103231512,0.03472848567006659,1
0.06676849058665134,0.31798225751363524,0.6060982019442703,1,0,0.14410932436038346,0.09422681267468686,1
0.1303497956016814,0.7901543107623036,0.46441637834194444,0,0,0.9419581219037104,0.8896119834615206,0
0.6950335793773207,0.7057436847243025,0.43427579713117737,0,0,0.604811021799424,0.5124574398478023,0
0.7451065067814934,0.5100674783212132,0.44194276894526613,0,0,0.2686522730951682,0.7866868798332582,0
0.23170109304948797,0.3196313948089455,0.02663703817923818,0,0,0.3765983077410386,0.9933028841547009,1
0.21891133250734873,0.6321605173320153,0.9949324737127669,0,0,0.9704179301185217,0.14079469707351616,0
0.19336762708312666,0.014543026788510821,0.15677125806065892,0,0,0.6707334183695214,0.5364992009243814,1
0.8349769705635876,0.9060087725605409,0.8472470777853535,1,0,0.09896397575633673,0.6831772803303897,0
0.8798239510239784,0.5435681652058455,0.35452964901860334,0,0,0.4586949213807014,0.7660317821427369,0
0.34098306807521095,0.2329965236318079,0.22899824855977605,0,0,0.1053354510092254,0.20890125338130833,1
0.9441919093915226,0.5805967892346842,0.5569205672009104,0,0,0.9355872624993824,0.2609440960105542,0
0.4671080873573157,0.37980185437897135,0.5848104994952467,0,1,0.4103857952135273,0.8802343883655674,1
0.408547723410718,0.4354236091102013,0.025945169043301956,0,0,0.4200398291015951,0.0362810503570557,1
0.5493961076598803,0.5023478645237982,0.5648736524384251,0,1,0.17852540822670984,0.7370795833263439,1
0.6112595111628707,0.10618583374511341,0.14544446215713028,0,0,0.36680387783902885,0.3007479428982735,0
0.031062990087805678,0.1937170862365898,0.8386299429913018,0,0,0.7624281842656117,0.5164928489761973,0
0.27701938277048166,0.2541027958380147,0.4734849684036574,0,0,0.11479466445507815,0.9598238307821281,0
0.2120582352604434,0.3024443377743534,0.3385467361517721,0,0,0.2466596271159678,0.15723355195095257,0
0.8223281961026296,0.11121497323596607,0.46570025035183216,0,1,0.3689396956205386,0.7749102369456491,0
0.14344001297930767,0.6543002878391985,0.8163051324228168,0,0,0.9521067115404227,0.11310959376816454,1
0.09989001021023534,0.18055633538176855,0.3333250705710043,0,0,0.5891745841405237,0.8005692202408887,0
0.494959665034253,0.38263161050916134,0.7406167579452511,0,0,0.9328596808112624,0.9691990141058704,1
0.7076231361996257,0.3467079301566746,0.683638126515727,0,0,0.045147391384135795,0.049045454313551784,0
0.9579270048254653,0.47224639820615705,0.4409532711008069,0,1,0.6009438192519617,0.9224277257351117,0
0.6529436306969222,0.5443420509738297,0.9345863932401356,0,1,0.4147576723460691,0.7018399931357706,0
0.3459397760408109,0.06820040217052674,0.5797256722043335,0,0,0.7574778001350805,0.5149677901992336,1
0.40953640401784186,0.3380101024182147,0.3679988932214674,1,0,0.8280427741919211,0.8384263877172329,0
0.960461312188525,0.8819002449176586,0.08750137955295229,1,0,0.11364072579014384,0.7315242433714408,1
0.5493721365756399,0.021009912496337133,0.4117570843966264,0,0,0.0946754247678599,0.3189351367566056,0
0.6500359214454056,0.10887583471451917,0.8574264770173813,0,0,0.9071698021871553,0.03554705823214849,0
0.8715895069111991,0.928922991826517,0.9452498743157951,1,0,0.5992981872870353,0.923770630061429,0
0.758475998694088,0.33071541387310976,0.20160133962569077,0,0,0.5749822057622745,0.3311716049374404,1
0.6654409469819209,0.5147790466579403,0.7877390762453301,0,1,0.700624501436956,0.9757176993557914,1
0.18637898783942058,0.854571181800511,0.4424851430927927,0,0,0.41931051429498645,0.8838350032427988,1
0.10136344401690915,0.5020598359060091,0.07714094670690892,0,1,0.44699680069128606,0.06114351726469891,1
0.1812531981435541,0.9114430288812454,0.1801008312310358,0,1,0.6130809565269066,0.5360516747827411,1
0.8149530995661559,0.911615539402214,0.5747231938041132,0,0,0.21357452340044622,0.02448814482345013,0
0.20056826832800012,0.0289279121313379,0.8779381147412626,1,0,0.3189814906548333,0.34499470026843965,1
0.31126458107970656,0.8364343145234754,0.9802576618916958,0,0,0.4380343481447762,0.27897054713947106,1
0.9156458943390618,0.9238427833824052,0.7198767946865301,1,1,0.4347706457200347,0.7693268855765985,1
0.46985860550058006,0.8866560106492484,0.5246705747834925,0,0,0.8303640569710917,0.23332351821543829,1
0.3590346412580517,0.9048716901155145,0.3203476071768348,0,1,0.954059693620745,0.06752852268044618,1
0.7336787468798561,0.8422507532781868,0.14927426266114444,0,0,0.9256886167836436,0.9117838127416553,1
0.746326742595621,0.8455124261139805,0.41167492268891515,0,0,0.4551001783272233,0.7115026287175841,1
0.19584717807652297,0.3294828992105629,0.6092620198344856,0,0,0.42821639564393893,0.39057305889503174,1
0.9260681635137031,0.5465425579980282,0.4077920057927637,0,0,0.8396477656220976,0.8432838643457088,0
0.301067067642721,0.3575727338344195,0.6400604810273997,0,0,0.32693248663338725,0.549789454555319,1
0.26352999534538785,0.15553040645530655,0.8461169415690504,0,0,0.5425458658397788,0.21132300336493476,1
0.42933459178530203,0.8578131315708054,0.6406864120938675,1,0,0.23868411804248957,0.15772324272886484,1
0.8519228752222271,0.5926304123327659,0.8555952765845861,0,0,0.8892056352191976,0.6579544166218576,0
0.6163093553555062,0.025257659902425025,0.2819220782593725,0,0,0.29457280139997394,0.4366553529843214,1
0.14886058011101339,0.7041472269532203,0.8773062737981411,0,0,0.7293869436336912,0.678009359069828,0
0.8152803480941304,0.7331348614137915,0.07198886395537386,0,0,0.12006883990705178,0.11163220264705798,1
0.41201946220332786,0.9589311150707311,0.6127620657936647,0,0,0.2853250901739328,0.5607827888314079,1
0.5364311865902848,0.9614123223406096,0.7547486169881922,0,0,0.9851870497262043,0.02289295715092332,1
0.8609554001436235,0.02703987734701374,0.567588209193609,0,0,0.7894766837798594,0.6631178482619235,1
0.09797912997719893,0.7476824138270313,0.21097098806919237,0,0,0.008681258750634411,0.2895680567413947,0
0.6579908496121757,0.17598104969810496,0.20825219605411371,1,0,0.8257308858084782,0.4267688475758911,0
0.1735893424542499,0.40006680369624203,0.05945680849386651,0,0,0.3994689720063013,0.2850213382693623,1
0.2577071830455296,0.8463089574248691,0.8158303316296054,0,0,0.34656998326246535,0.27124460703148595,0
0.9440648616083549,0.6118182956095954,0.05229617419421207,0,1,0.36517456611898425,0.9885480410951277,1
0.9498070394182163,0.9146064011130862,0.8101525981834813,0,0,0.7121781305066535,0.4403574381334033,0
0.9022143684245569,0.3972193597921788,0.3329097330951624,1,0,0.294461135956309,0.7301174575188492,0
0.7858681203398351,0.3148891726419361,0.34224449538061036,0,1,0.9489335793099017,0.285862819320535,0
0.21537483941732594,0.09558043809959248,0.03215302997895454,0,0,0.9033360602185224,0.09765205029163665,1
0.4956642017092678,0.5470150436495259,0.4664994590740764,0,0,0.9665646282625108,0.43002987653842967,0
0.3971291435708685,0.6093816474879726,0.70337686448111,1,0,0.4003527913424079,0.7093008749751282,1
0.5537121354131964,0.11809723636579778,0.6789435592512877,0,0,0.17953178351352808,0.1709021022154118,1
0.47840421271114175,0.13026823682917407,0.911838130833053,0,0,0.01612977731971978,0.055254997473110024,0
0.04376681739458869,0.6591047434879874,0.42132387586735753,0,0,0.7571859216792511,0.8157799410675135,0
0.6939236755024515,0.6396873514594398,0.9989343130362692,0,0,0.2568307537959962,0.960571497860363,1
0.6344596212193252,0.6560127950024592,0.2628708948876132,0,0,0.22252740193013018,0.03759633144881963,0
0.5763286985042444,0.7843986763216739,0.7740395810276994,1,0,0.9668726341846499,0.11106839832655946,0
0.47874198422555725,0.8516130143312173,0.6373837353569678,1,0,0.8645684909344736,0.4501009981267578,1
0.3310629250423326,0.44804233110984465,0.7678232950053019,0,0,0.6413441502996174,0.5582659192128057,0
0.4551507493067781,0.0834360393785292,0.12221710948058734,0,0,0.10089673116286933,0.9706592360795621,1
0.0036240581459970837,0.2569158796303308,0.20583036291021514,0,0,0.34759100676269217,0.441101804223236,1
0.8794542083500249,0.0677048989901805,0.10189613950608642,0,1,0.4134497868934655,0.04146693435107984,0
0.8827107694472914,0.5121392290765853,0.9256963527682919,0,0,0.691226428105578,0.26085685394261965,0
0.8811330621392408,0.704535134383182,0.5438491756270961,0,1,0.8383649823998043,0.51624356489843,1
0.48783263653649045,0.3875173720145586,0.34303720688289435,0,0,0.613404757017384,0.906422794562596,1
0.1116993948798657,0.7542818022583869,0.34037393129024895,0,0,0.4075483679003497,0.9207367345796871,1
0.8751189274430664,0.08485709268615817,0.05196063825305391,1,0,0.16033217762446453,0.07776294499918007,1
0.03473207214644656,0.7642534434428299,0.006117835149296009,0,0,0.7807772022525767,0.8180041736043846,0
0.35305260606855504,0.7051927448867749,0.1013423136120689,0,1,0.08661499273477759,0.3442250798593593,1
0.7941634194259983,0.9326121745602541,0.3158452002768063,0,0,0.44136224903367965,0.42883226453080686,0
0.3214869999432008,0.5681788628896084,0.360533211324104,0,1,0.9337786414269719,0.03501632251135578,1
0.7585618835638186,0.927941433249129,0.023783450235168938,0,0,0.849035827820881,0.149089497897135,1
0.9636478224379624,0.8614960654339396,0.880440418510646,0,0,0.20521033679113793,0.3967308869626925,0
0.32135582421084075,0.09324915449327743,0.027240935960065077,0,0,0.24614589907767573,0.4286506315589324,1
0.3764694755780618,0.49006464374460346,0.12829952924324634,0,0,0.7612544330775326,0.7527939845973848,0
0.42292992240983596,0.050650795459005006,0.24970786929647215,1,0,0.22027144753368819,0.407848846220945,1
0.9928225361032474,0.6004438091476589,0.18342014316746014,0,0,0.042069696758685216,0.07779738522814222,1
0.5315191373595465,0.8691269843935108,0.7499607881866346,0,0,0.35179829997612017,0.9533033635094261,0
0.4651148519182877,0.822820994801893,0.8003735053436472,0,0,0.19595967914664755,0.9844361114738787,1
0.12804142374996977,0.5077607224589967,0.7595885498949545,0,0,0.046108788822572015,0.5617550735507328,1
0.8439548263582076,0.7870202387027729,0.7581415353285449,1,0,0.3994596956528553,0.11756863222482727,1
0.5219923053508346,0.5909253202222623,0.25571123806017365,0,0,0.31969499781444183,0.015928616720977007,1
0.4642174272960728,0.715179421383541,0.13346950294392637,0,0,0.4273711841137857,0.29613917278941587,0
0.8783252459465198,0.23864777700072282,0.33199718146937124,0,0,0.22963518478029044,0.8945447900350076,0
0.7396111766140844,0.08419199349403923,0.1147626957273484,1,0,0.8047008223694574,0.3194768253359304,0
0.6406212697358459,0.27314590814464695,0.1435452549972198,0,0,0.27656611842080076,0.9589622668571758,0
0.392582259212186,0.8363150893810324,0.04493580963705081,0,0,0.8205552543307091,0.6347906868987734,0
0.7807647127540923,0.003430810310673754,0.6725128186086625,0,0,0.17256809948685378,0.9372284467909828,0
0.989988252216585,0.12019244395286846,0.8971513199514373,0,0,0.9325774941823023,0.16924496646853932,1
0.6042963601128808,0.8097716109614365,0.3655559923747819,0,0,0.5272165286173285,0.23174205134787262,1
0.7653346796634669,0.9453360801167411,0.12608725997148673,0,0,0.9248517839478619,0.38973876577281424,0
0.1860587204432416,0.5318851735021056,0.12190280955270727,0,1,0.5631977046986537,0.5414842905274855,1
0.5104230039965617,0.606232557780835,0.4508345812047473,0,0,0.49307052558397185,0.8848716593786987,1
0.5748614637272289,0.8293471907025203,0.12136495782876348,0,0,0.5235020046037336,0.36849194699899573,0
0.661006226299817,0.6327813301657459,0.9947513047766929,0,0,0.5631355665832526,0.8510371437513073,1
0.7749802249146878,0.31700764228724054,0.15964486579324388,0,0,0.16624580425186822,0.8208672424113739,1
0.9161490330426689,0.6125205970902615,0.036939053685876654,0,0,0.6880354893288552,0.8319281426383884,0
0.416134017083372,0.22721435547147006,0.244869416313193,1,0,0.3440848007385071,0.6569883503999059,0
0.8829951975545481,0.5227276011587977,0.5111765550563376,0,0,0.6413327414431648,0.6700057711637535,0
0.1772527225143154,0.41692118702787095,0.5070030451956871,0,0,0.7697724719102121,0.6176950160538581,1
0.08814027370954947,0.3821246989318319,0.6933345416540044,1,0,0.5721837534102604,0.18381887126685825,1
0.3968887689640138,0.05518716115995827,0.3792713094125314,0,0,0.8533917649759613,0.13461800433073018,0
0.718164250350593,0.6261080762441699,0.39395890037156933,1,0,0.7203045313999683,0.4949030957095499,1
0.929889529764568,0.6666405791981914,0.3938174124509651,0,1,0.04215433375170051,0.9237635237732367,1
0.7684246015288498,0.4461551909961295,0.02756341154470414,0,0,0.5414975271978298,0.86495040638633,1
0.9743522908664553,0.32646268672311485,0.735917464624549,0,0,0.35938154367534536,0.4234673356092969,0
0.7162966468391684,0.45592029024334013,0.6488865378852033,0,1,0.9897099609396274,0.739717002394924,0
0.013678633611946414,0.21558252750258086,0.027016207999777025,0,0,0.6037411700653489,0.07540325565534628,1
0.8547380808817405,0.0070724989571158674,0.5400242060945706,0,0,0.3831680450650696,0.26847797460147743,0
0.9558734793454688,0.28101616601455304,0.41687293663398156,0,0,0.1446912162635448,0.14072515145314213,0
0.4496973063286593,0.9113847176219387,0.5472635954506261,0,0,0.35770972679511237,0.2936529819983306,0
0.6850471472242887,0.8017949548901178,0.7384635230743068,0,0,0.5258122084390726,0.5719182442233128,1
0.042391550527958295,0.5343347018788658,0.2505125945360191,0,1,0.6152390008748975,0.7417329680456426,0
0.2940800725843566,0.14434916997308972,0.2755115685613386,0,0,0.9536220374166685,0.042689779035964825,1
0.9993587205596542,0.304204925144292,0.1745134631376844,1,0,0.8803109543288462,0.640058953041845,0
0.9669911820939744,0.9010516599295146,0.9242069696565562,1,0,0.4912005983993152,0.7368713486502427,1
0.017233816089534837,0.0459983441932492,0.8649073060202619,0,0,0.439212424574571,0.763819084506669,1
0.5109156194266068,0.8086254189986705,0.9003179960036977,0,0,0.3066703062625063,0.030400421836981495,1
0.4676223899088822,0.1970972682675654,0.7150129445033756,0,0,0.5210796521409277,0.6315318661080473,0
0.515699134180011,0.15990696940457588,0.3244002502312742,1,0,0.006259310568235729,0.8757129286614289,1
0.7832265415520112,0.10220866026190556,0.8464947562251496,1,0,0.3772529032108815,0.40860904884318944,0
0.7607968476237504,0.33257733610163626,0.305512796122281,0,0,0.10062326793275422,0.29035421982317594,1
0.022501642735799392,0.3769195025590363,0.9296347488589609,0,0,0.557068979095424,0.8697188473375568,0
0.5033106882635384,0.13763202049167636,0.03232923722788398,0,0,0.05474093759221372,0.11766627286961118,0
0.32567493825902166,0.4524205558792788,0.005657114110008199,0,0,0.4623303522315635,0.7086400532683164,0
0.047815574512565184,0.579366114118547,0.48710441377731484,0,0,0.03450431415705713,0.057294769545017665,0
0.030712300283973284,0.8197970291536397,0.08346501197941818,0,0,0.007163367626737489,0.8205348774692802,1
0.9017764686385848,0.5764606144648343,0.31778332587472563,0,0,0.6857927889740745,0.22356093980129615,0
0.602135107008717,0.0003066907675098202,0.9180874061757934,0,0,0.6063605757787182,0.07627224553925982,1
0.992983578501601,0.992562762808623,0.8859144164809907,0,0,0.803598439959432,0.8634966464380929,1
0.8846663942621339,0.03559180892114692,0.9282905030700984,1,0,0.3682148281208319,0.8501154723230337,0
0.23739920504460937,0.5246561231389926,0.8582813424328449,0,0,0.3159549581038957,0.016923736038881088,0
0.4280832442242072,0.46181865703983466,0.44606125700641835,1,0,0.972280189279834,0.6065533867580917,0
0.37495262801981066,0.6632305917239791,0.15056543822087762,0,0,0.6401847431285712,0.15331816080003385,0
0.6522250612866878,0.87059779513237,0.9638255742469827,1,0,0.3643440850738735,0.07207421663248265,0
0.7396663439710479,0.7559736687000778,0.5253344019029105,0,0,0.6409475715817943,0.43662268445480196,1
0.8347420113806866,0.26974337958563843,0.04573784274294577,0,0,0.2113513244186469,0.5297115302223065,1
0.5261229009730423,0.4477528269854713,0.4612592199859887,0,0,0.31582048523716155,0.8481469859276469,0
0.8477630245100366,0.658822148391476,0.6902599786227207,0,0,0.2868249404164405,0.16356938377846253,0
0.3845276551851205,0.707051381261594,0.6346391272335071,0,0,0.6644454828658732,0.14291343935529005,1
0.6560578367068466,0.5918106525319288,0.09196664204081907,1,0,0.8557250382748418,0.7289496356164296,1
0.3350921907327289,0.21792303574600314,0.35480099200898896,0,1,0.6521479033253413,0.5064787568665396,1
0.14120329491919642,0.14754752455929165,0.1496979656671605,0,0,0.6541380212556674,0.7507002886899692,0
0.5175637276930347,0.798845729899393,0.29553025208865397,1,0,0.16037566392542354,0.6450325232477081,0
0.9093281160798594,0.8671632640132487,0.7962382926980948,1,0,0.029522501010967303,0.046176052420991764,0
0.4879195595285173,0.005409909621450987,0.35115691605775634,0,0,0.11639086515619486,0.12015146809669092,1
0.8549184093121603,0.7161151421713619,0.9554838946553512,0,0,0.2549286988941546,0.08540008068754118,1
0.2270256680766317,0.9107100151892981,0.19081404360738705,0,1,0.4133689393009402,0.9482940899098835,1
0.1539865299290944,0.08472665289930745,0.1307884303298437,1,0,0.8562287804193452,0.12357639533969089,1
0.9257954455383319,0.11578862934897427,0.04291620830521849,1,0,0.5166145319067393,0.3684434334488215,0
0.7967147164529379,0.32502820442990277,0.0857991470345184,1,0,0.7808480626797912,0.5131296689978249,1
0.14924366440707698,0.6642583006814342,0.909697616477006,1,1,0.6993859959328785,0.6756662823329167,1
0.4564459984602172,0.9871013012231563,0.02488834921731819,0,0,0.5447934401397394,0.40320061237830346,0
0.6343494590195385,0.2001542579058389,0.9323451011532236,0,0,0.8075203347875944,0.5814451793882058,1
0.9107293834707627,0.8819185861124981,0.36093220611350657,0,0,0.1491319734829938,0.36152671378849505,0
0.16053349697891173,0.8734139826151955,0.16411247697207484,0,0,0.3886812194672126,0.10733669299189114,0
0.8725763266551474,0.9570962714878318,0.6672589823286988,0,0,0.9701046390403826,0.9547494007631165,0
0.7731897034277712,0.6155700178701811,0.8382422828914606,0,0,0.20450271701048553,0.20743838059967368,1
0.1405923015723247,0.4543950132852285,0.19670390747154134,0,0,0.46563107252585345,0.5896608485539665,1
0.023830254282938633,0.44922422695202807,0.03988110732332705,0,0,0.07800570599532998,0.5118935959707345,1
0.8690489636381923,0.920508274477241,0.21519153750439696,0,1,0.9388595108219886,0.9208447757121636,1
0.19724644829704793,0.5035821984932379,0.567119727666071,0,0,0.22977937571169568,0.9962224699862992,1
0.5175497693976375,0.3784693933863363,0.1342349612564803,0,0,0.4339008423379417,0.7661922957585454,1
0.630960283862521,0.8327558195829574,0.37048755690290025,0,1,0.39468582029455884,0.7741812574081848,0
